priority_candidate,name,city,typology,typology_detail,segment,channel,project_role,physical_exhibition,exhibition_evidence,price_range,price_signal,service_scope,email,phone,address,main_channel,source_language,source_url,materials_brands_mentioned,key_messages,raw_notes
Yes,Lux Home Mebel,Tashkent,Kitchen,,B. Premium Kitchen & Custom Furniture Studios,Retail,,Yes,"Showroom located in Yunusabad District, Tashkent; site advertises free 3D visualization and in-person consultation with designers.",High,"Explicit 3-tier pricing: Economy (8-15M UZS), Standard (15-30M UZS), Premium (30M+ UZS) - positions itself across segments including premium | v2.0: resolved from ""Medium-High (mixed signals)"" -> High.",Design+Install+Supply,info@luxhome.uz,+998 99 805 58 58,"Tashkent, Yunusabad District",Website,Russian,https://www.luxhomemebel.uz/ru/kitchens,"EGGER and Kronospan boards (European), Blum and Hettich and DTC hardware, acrylic/HPL facades, AGT MDF","15+ years of experience, 500+ kitchen projects completed | 98% satisfied clients, 5-year warranty on all kitchen furniture | Premium segment for large spaces with additional storage/work zones","Also offers bedroom, wardrobe, hallway, office furniture and doors. Social: Instagram/Facebook/Telegram/YouTube @luxhomemebel."
No,Blackwood,Tashkent,Kitchen & Bath,"Custom furniture manufacturer covering kitchens, wardrobes, and bathroom furniture",A. Premium Materials & Bath Showrooms,Retail,,Not determinable,"Search snippet references a furniture catalog site (blackwood.uz); direct page fetch blocked (403), so showroom presence not independently confirmed.",High,"v2.0: inferred from segment positioning (A. Premium Materials & Bath Showrooms) — no explicit price signal was found in the original source; treat as a soft default, not a confirmed price point.",Design+Install+Supply,,,Tashkent (exact address not determinable - site blocked),Website,Russian,https://blackwood.uz/,Not determinable (page inaccessible),"Custom furniture: kitchens, wardrobes, dressing rooms, hallway, bedroom, living room, bathroom furniture | High quality at favorable prices",Found via WebSearch snippet only; direct scrape returned HTTP 403. Worth manual follow-up via Instagram/Telegram.
No,homed:t (h0design),Tashkent,Interior Designer,,C. Boutique Interior Design & Architecture Studios,Retail,,Yes,"Physical studio address given (Yashnabad District, Parkentskaya St. 180) with stated daily walk-in hours 10:00-20:00.",High,"Mid-premium: design from $20/m2, full turnkey renovation from $150/m2",Design+Build,,+998 70 197-05-49,"Tashkent, Yashnabad District, Parkentskaya Street, Building 180",Instagram,Russian,https://homedit.uz/design,"Taupe/beige palettes, wooden textures; sources materials/furnishings from local market",10+ years creating living spaces | 95% implementation accuracy on projects | Up to 20% savings on total renovation cost vs market,Instagram handle @h0design; also does commercial (restaurant/cafe/hotel/office) interiors and author supervision during construction.
Yes,Insydrium,Tashkent,Hybrid,"Interior design studio + architectural design/documentation, full-cycle to finishing with author supervision",C. Boutique Interior Design & Architecture Studios,Retail,,Yes,"Office address published (Furkata St. 169A, Tashkent); active across multiple cities (Moscow, Astana, Almaty, Tashkent, Bali, Istanbul) suggesting real operating offices.",High,"Premium-positioned; design projects from ~$30/m2; notable commercial clients (UZINFOCOM, KNAUF, Cambridge, Najot Ta'lim)",Design+Build,hello@insydrium.uz,+998 55 588 85 88,"Furkata Street 169A, Tashkent",Multiple,Russian,https://insidroom.com/,Not specified by brand; focuses on finishing/engineering package,"Full-cycle work: from design project and documentation to finishing and engineering with supervision | 25 qualified specialists, 10+ years experience, >95% repeat clients | A well-designed commercial space increases efficiency and strengthens brand image","Strong HoReCa/retail/office commercial portfolio in addition to residential; present on Facebook, Instagram, YouTube, Telegram, Behance, LinkedIn, Pinterest as @insydrium."
No,AI Studio,Tashkent,Interior Designer,,C. Boutique Interior Design & Architecture Studios,Retail,,Yes,"Physical office address published with defined walk-in hours (Mon-Sat 9:00-20:00), Mukimi 1st Lane, Building 8A.",High,"Tiered offering signals mid-to-premium: LITE $5/m2, PRO $15/m2, VIP $20/m2",Design+Build,aistudio.uz@gmail.com,+998 77 240-77-34,"Tashkent, Mukimi 1st Lane, Building 8A",Instagram,Russian,https://aistudio.uz/,Not determinable - no specific brand names given,"Projects with 100% realization guarantee | 50+ projects completed in 2024, up to 15 years of team experience | Answers to inquiries within 5 minutes",Also covers exterior/landscape/architectural/engineering design. Instagram/Telegram/YouTube @aistudiouz.
No,Nova Casa,Tashkent,Interior Designer,,C. Boutique Interior Design & Architecture Studios,Retail,,Not determinable,"Address listed in secondary sources (Navoi 35, Tashkent) but not independently confirmed via own site (blocked); no explicit 'showroom' language found.",High,luxury / premier / TOP 100 award-recognized (Luxury Lifestyle Awards 2024),Design+Build,office@novacasa.uz,+998 90 003 99 11,"Navoi 35, Tashkent (per third-party listing)",Website,English,https://luxurylifestyleawards.com/winners/top-100-interior-designers/nova-casa-luxury-interior-design-tashkent,Not determinable,"Refined approach to luxury-class interiors | Setting new benchmarks in Uzbekistan's interior design landscape | Hundreds of completed projects for hotels, wedding halls, restaurants, private residences","Recognized in Luxury Lifestyle Awards Top 100 Interior Designers 2024. Own site novacasa.uz returned 403 on direct fetch; Facebook facebook.com/novacasa.uz, Instagram @novacasa.uz."
No,Studia 54,Tashkent,Hybrid,Interior design combined with architecture concept development,C. Boutique Interior Design & Architecture Studios,Retail,,Not determinable,Direct site fetch blocked (403); no independent confirmation of a physical showroom found.,Medium,Not determinable,Design+Build,,,Not determinable,Website,English,https://studia-54.com/en/portfolioitems/design-private-house-turnkey-tashkent,Not determinable,Comprehensive approach weaving architecture and interior design together | Turnkey private villa design project delivered in Tashkent,Portfolio item found for a turnkey villa design in Tashkent; likely a regional studio with Tashkent project references - needs on-the-ground verification of local presence.
No,Studio Mint (Мята),Tashkent,Interior Designer,,C. Boutique Interior Design & Architecture Studios,Retail,,Not determinable,"Site fetch blocked (403); search snippets show extensive Tashkent-specific project pages (by district) suggesting active local operations, but no explicit showroom evidence found.",High,"Not determinable, but portfolio breadth (500+) and cottage/exclusive projects suggest mid-to-premium",Design+Build,,,Not determinable,Website,Russian,https://tashkent.studio-mint.pro/,Not determinable,"500+ interior design projects across Tashkent neighborhoods | Combines comfort, functionality and elegance | Experience with complex projects incl. exclusive cottage developments",Appears to be a network/franchise design studio (studio-mint.pro) with a Tashkent-localized subdomain.
No,Art Deco,Tashkent,Interior Designer,,C. Boutique Interior Design & Architecture Studios,Retail,,Not determinable,Direct site fetch returned no usable content; relying on search snippets only.,Medium,Not determinable,Design+Build,,,Not determinable,Website,Russian,https://artdeco.uz/,Not determinable,"Creates sketches for all elements of the future home, from electrical to heating systems | Maintains communication with clients throughout the project | Dedicated bathroom design sub-service (artdeco.uz/vannaya)","Also has a dedicated bathroom-design landing page, suggesting some Kitchen & Bath crossover; needs follow-up via Instagram/Telegram for contact details."
No,ARIA-Project,Tashkent,Architecture Studio,,C. Boutique Interior Design & Architecture Studios,Retail,,Not determinable,"Physical office address confirmed (A. Navoi St. 22, Shaykhontour District) but no explicit showroom/exhibition space mentioned - typical project-based architecture office.",Medium,"Not explicit, but 15-year track record and scope (multi-story residential, commercial, industrial) signal established mid-to-high tier",Design only,aria-proekt@mail.ru,+998 90 712-79-52,"Tashkent, Shaykhontour District, A. Navoi St., 22",Instagram,Russian,https://aria.uz/,Not determinable,"Among the most well-known firms in the design field, 15 years of stable development | The best result on the market | Explicitly does not participate in construction - design/architecture only, no construction liability","Services include multi-story residential design, commercial/public/industrial facility design, topographic/geological surveys, construction supervision (oversight, not build), EIA (ZVOS). Instagram @aria_proekt."
No,Bloom Arch,Tashkent,Architecture Studio,,C. Boutique Interior Design & Architecture Studios,Retail,,No,"Office address given (Maqtumquli 93/2) but described as a design studio/office, not a materials showroom.",Medium,"Not explicit but portfolio includes residential complexes, commercial developments and eco-city master plans - signals higher-end commissions",Design+Build,info@bloomarch.uz,+998 88 022 78 33,"Maqtumquli 93/2, Tashkent, Uzbekistan 100000",Instagram,English,https://bloomarch.uz/,Not determinable,"Customized and scalable design solutions | Meaningful architecture that makes daily life more comfortable, beautiful and functional | Professional team of architects, engineers and designers","Also does interior design for hotels/restaurants/offices/shops, urban master planning, and author's supervision. Instagram @bloomarchstudio; also on LinkedIn and Behance."
No,NeoStyle,Tashkent,Hybrid,Architecture/design studio combined with full renovation & finishing (remont i otdelka) contracting,C. Boutique Interior Design & Architecture Studios,Retail,,Not determinable,Site fetch blocked (403) on multiple pages; no independent confirmation of showroom.,Medium,Not determinable,Design+Build,,,Not determinable,Website,Russian,https://www.neostyle.uz/uslugi/architektura,Not determinable,"150+ completed projects for private clients and large companies | Full service: architecture, interior design, renovation and finishing under one roof","Combines architecture services (neostyle.uz/uslugi/architektura) with renovation/finishing services (neostyle.uz/uslugi/remont-i-otdelka) - a Design+Build hybrid worth deeper follow-up. | v2.0 cross-check: also found independently via Instagram (@neostyle.uz) under the query ""budget/economy turnkey renovation"" — confirms this account as findable through both premium-architecture and budget-renovation search angles."
Yes,Premium Stroy,Tashkent,Contractor,,D. Contractors / EPC Firms,Retail,,Yes,"Physical office address with daily walk-in hours (09:00-22:00) published at Babura Street 21A, Yakkasaray District.",High,"Name and messaging signal 'premium' positioning explicitly (""Premium Stroy"")",Design+Build,premiumstroyuz@yandex.ru,+998 99 774 42 39,"Tashkent, Yakkasaray District, Babura Street 21A",Instagram,Russian,https://premiumstroy.uz/about,Partners with major international furniture manufacturers (unnamed),"High quality (ВЫСОКОЕ КАЧЕСТВО) professional high-quality repair services | Management team with European and Russian work experience | 10+ years of experience across residential, commercial, office and cottage projects","Services: cosmetic/euro/capital/designer repairs, turnkey renovation, interior design, plumbing, electrical, landscape work. Instagram @premiumuzstroy, Telegram @omgfarik."
No,Elite Remont,Tashkent,Contractor,,D. Contractors / EPC Firms,Retail,,Not determinable,Direct site fetch failed (server error); relying on search snippet only.,High,"""Elite"" (элитный) in brand name signals premium positioning",Design+Build,,,Not determinable,Website,Russian,https://elite-remont.uz/,Not determinable,Turnkey apartment and house renovation across Uzbekistan | Guarantee of transparency and quality of work,Needs follow-up scrape/social lookup - technical error prevented full extraction.
No,Azen Group,Tashkent,Contractor,,D. Contractors / EPC Firms,Retail,,Not determinable,Direct site fetch blocked (403); relying on search snippet only.,Medium,Not determinable,Design+Build,,,Not determinable (operates in Tashkent and Samarkand),Website,Russian,https://azen-group.uz/,Not determinable,Turnkey apartment and office renovation in Tashkent and Samarkand,Multi-city contractor (Tashkent + Samarkand); needs follow-up via Instagram/Telegram.
No,NRG,Tashkent,Developer,,E. Developers & Project Ecosystem,Retail,,Not determinable,"Large active developer (188,430 sqm built, 225 staff) with multiple residential complexes; sales offices likely exist per project but not itemized in sources found.",High,Segments span Comfort/Business/Premium - explicit Premium tier exists,Design+Build+Develop,,1060 (short number),"Tashkent (multiple project sites incl. Yunusabad, Mirzo-Ulugbek)",Website,Russian,https://realting.uz/developers/nrg,Smart-home technology integration,"One of the largest developers in the Tashkent real estate market, founded 2020 | Comfort, Business and Premium category residential complexes | Quality, safety, comfort, innovation and smart-technologies","9 active projects incl. NRG Yangi Baxt, NRG Qorasuv, NRG Hayot, NRG ZAMON, NRG Yunusabad. Official site www.u-nrg.uz (timed out on direct fetch)."
Yes,Golden House Development (INFINITY Club House),Tashkent,Developer,,E. Developers & Project Ecosystem,Retail,,Yes,"Dedicated sales office in Infinity business center, Yashnabad District, with daily 9:00-19:00 hours - functions as a project showroom for prospective buyers.",High,luxury / premium-class / exclusive club residence - top of market positioning,Design+Build+Develop,,+998 78 150-11-11,"Yashnabad District, 5th lane of Sadyk Azimov, ""Infinity"" business center, Tashkent",Multiple,Russian,https://gh.uz/infinity/,Natural finishing materials in common areas; architectural design by Benoy and Chapman & Taylor (international design firms),Luxury premium-class residence (Роскошная резиденция премиум класса) | First and only house meeting 'club parameters' - only 35 exclusive apartments | An island of tranquility where city noise doesn't reach,"Social: facebook.com/goldenhouseuz, instagram.com/goldenhouseuz, t.me/goldenhouseuz, YouTube channel. Strong candidate for premium retail material placement given INFINITY's exclusive positioning."
No,Zaytun Group,Tashkent,Developer,,E. Developers & Project Ecosystem,Retail,,Not determinable,Official domain (www.zaytun-group.uz) failed DNS resolution during verification; relying on search snippets and aggregator listings.,Medium,Not determinable,Design+Build+Develop,,,"Tashkent, Yakkasaray District, Shota Rustaveli St. (per aggregator listing)",Website,Russian,https://www.gazeta.uz/ru/2022/10/18/zaytun-group/,Not determinable,12 years building modern residential and commercial real estate across Uzbekistan | 800+ units of comfortable housing delivered,"Also listed on aggregators salomuy.uz, immo.uz, domtut.uz. Site currently unreachable - may need re-verification of live domain."
No,GABUS,Tashkent,Developer,,E. Developers & Project Ecosystem,Retail,,Not determinable,No independent site found/reachable; relying on aggregator/news snippets describing GABUS as a leading elite-housing developer.,High,elitnaya nedvizhimost (elite real estate) - explicit high-end positioning,Design+Build+Develop,,,"Active in Mirabad, Yakkasaray and Yunusabad districts, Tashkent",Website,Russian,https://tashkentestate.uz/news-gabus.html,Not determinable,"Leading firm in Tashkent's elite (elitnaya) residential construction sector | 2-5 room apartment layouts, most projects available with mortgage financing","Listed across immo.uz, stroyka.uz, domtut.uz aggregators; largest elite-housing developer named alongside INFINITY/Golden House in market overviews. Direct company site not found in this research pass."
Yes,INTERSTONE,Tashkent,Hybrid,Showroom for artificial/quartz stone + kitchen & bath countertop fabrication and design consultation,A. Premium Materials & Bath Showrooms,Retail,,Yes,"Named physical showroom address (Yashnabad District, Nigora St., Passage 3, Bldg 37A) with published weekday business hours 9:00-18:00.",High,"premium/expert-center positioning; imported Asian quartz/acrylic brands (not local low-cost granite) | v2.0: resolved from ""Medium-High (mixed signals)"" -> High.",Design+Install+Supply,office@interstone.uz,+998 91 005 45 49,"Tashkent, Yashnabad District, Nigora Street, 3rd Passage, 37A",Website,Russian,https://interstone.uz/,"Avant Quartz (China), Noblle Quartz (China), GRANDEX acrylic stone (South Korea), NEOMARM acrylic stone (China)","High-tech solution (высокотехнологичное решение) combining aesthetics, durability and functionality | Highest quality standards - positioned as an expert center (экспертный центр) | 200+ color options, 150+ acrylic designs, 80+ marble-look patterns","Products: countertops, sinks, bathroom fixtures, stairs. Online design visualization tool. Facebook: interstoneuzb, Instagram: @interstone.uz. Strong direct-competitor/comparator for Cosentino's Silestone/Dekton positioning."
Yes,Imperial Granite,"Tashkent (Yangiyo'l, Tashkent Region)",Hybrid,"Natural stone (marble/granite) showroom, fabrication and installation",A. Premium Materials & Bath Showrooms,Retail,,Yes,"Production/showroom facility address given (Yangiyo'l, Eski Qo'vunchi, Kirsadok District); 85 staff and 20+ years operating history imply a substantial physical facility.",High,"Positions on both premium material range (onyx, agate) and price competitiveness",Design+Install+Supply,imperial_granit@mail.ru,+998 99 307 55 55 / +998 97 017 55 55,"110807, Yangiyo'l, Eski Qo'vunchi, Kirsadok District, Tashkent Region, Uzbekistan",Multiple,English,https://imperialgranite.uz/,"Granite, marble, onyx, travertine, agate, quartzite","Leading supplier with over two decades of operation | Superior quality and service, best prices on the marble and granite market | 350+ completed projects","85 staff, established 2000, 25+ awards/certifications. Facilities technically in Yangiyo'l (Tashkent Region, ~30km from Tashkent city) but serves the Tashkent market and is commonly listed among Tashkent-area suppliers. Social: Instagram/Telegram @imperialgranit, Facebook facebook.com/imperialgranit."
Yes,Natural Stone Service (marble.uz),Tashkent,Hybrid,Natural stone (marble/granite/onyx) showroom and fabrication workshop,A. Premium Materials & Bath Showrooms,Retail,,Yes,"Showroom address published (Mirzo-Ulugbek District, Ulugbeka St. 46).",High,"Mixed messaging - ""affordable price"" alongside ""exclusive/luxurious/aristocratic"" - likely mid-to-premium | v2.0: resolved from ""Medium-High (mixed signals)"" -> High.",Design+Install+Supply,,+998 90-979-18-80 / +998 91-165-10-26,"Tashkent, Mirzo-Ulugbek District, Ulugbeka Street, Building 46",Website,Russian,https://marble.uz/,"Granite: Labrodit, Desert Gold, Golden Galaxy; Marble: Amazonite, Cream Marfil, Emperador Dark, Carrara; also onyx and travertine","Natural marble in Tashkent at an affordable price | High-quality, durable granite products | Exclusive, luxurious, majestic and aristocratic aesthetic","Also produces countertops, stairs, fireplaces, balustrades, wall cladding. Social: facebook.com/marbleuz, instagram.com/marble.uz."
Yes,KS Lux,Tashkent,Hybrid,Porcelain/large-format tile showroom + general construction/finishing materials retailer,A. Premium Materials & Bath Showrooms,Retail,,Yes,"Positioned as a materials retail store (""магазин строительных и отделочных материалов"") in Tashkent; carries imported large-format porcelain slabs, implying physical display/showroom for such products.",High,"Carries premium Italian brand Laminam (a Cosentino/Dekton competitor category) alongside more accessible Spanish Geolam - signals mid-to-premium tile assortment | v2.0 cross-check: entry tiles from ~203,150 сум, premium large-format panels up to ~6,022,800 сум (wide range, mid-anchored) — found independently in this pass, confirms and refines the original signal.",Design+Install+Supply,,+998 78 113 88 96,"Tashkent, Uzbekistan (exact street address not determinable)",Telegram,Russian,https://kslux.uz/catalog/keramogranit/,"Geolam (Spanish porcelain tile), Laminam (Italian large-format porcelain slabs)",Top-tier solutions in the construction sphere (лучшие решения в строительной сфере) | Competitive pricing and quality assurance,"Also referenced earlier in bathroom-design search results, suggesting some kitchen & bath crossover. Telegram support bot: t.me/ksgroup_support_bot. Direct competitor/comparator showroom for Dekton large-format slabs."
No,Infinity Design,Namangan,Interior Designer,,C. Boutique Interior Design & Architecture Studios,Retail,,Not determinable,,Medium,"v2.0: inferred from segment positioning (C. Boutique Interior Design & Architecture Studios) — no explicit price signal was found in the original source; treat as a soft default, not a confirmed price point.",Design only,,+998 99 39... (number masked in directory listing),"Guliston neighborhood, Namangan",Not determinable,Russian,https://namangan.remkarta.ru/namangan/infinity-design-819087/,,"Top-rated interior design studio in Namangan directory (4.73/5, 11 reviews) | Mon-Sat 09:00-18:00, lunch break 12:00-13:00",Found via RemKarta.ru local business directory (6 interior design studios listed total for Namangan). No own website or social profile identified in search; only directory listing available.
No,Castler,Namangan,Hybrid,Architecture Studio + Interior Designer + Landscape Design,C. Boutique Interior Design & Architecture Studios,Retail,,Not determinable,,Medium,"v2.0: inferred from segment positioning (C. Boutique Interior Design & Architecture Studios) — no explicit price signal was found in the original source; treat as a soft default, not a confirmed price point.",Design only,,+998 77 00... (number masked in directory listing),"Ulitsa Islama Karimova, 21, str. 1, Namangan (also listed at ul. Khamid Olimjon 153)",Not determinable,Russian,https://namangan.remkarta.ru/namangan/castler-972510/,,"Only firm in Namangan directory combining architecture bureau + interior design studio + landscape design services | Two listed locations in the city, suggesting an established multi-service operation","Appears twice in RemKarta.ru directory (two addresses/branches) under three categories: architecture bureaus, interior design studios, landscape design studios."
No,Minimal Interior Design Studio,Namangan,Interior Designer,,C. Boutique Interior Design & Architecture Studios,Retail,,Not determinable,,Medium,"v2.0: inferred from segment positioning (C. Boutique Interior Design & Architecture Studios) — no explicit price signal was found in the original source; treat as a soft default, not a confirmed price point.",Not determinable,,,Namangan (exact address not captured),Not determinable,Russian/English,https://yandex.ru/maps/org/minimal_interior_design_studio/38455858233/,,Listed on Yandex Maps as a dedicated interior design studio in Namangan,Appeared consistently across multiple Russian-language search queries; no independent website found.
No,IMAGINE dizayn studiyasi,Namangan,Interior Designer,,C. Boutique Interior Design & Architecture Studios,Retail,,Not determinable,,Medium,"v2.0: inferred from segment positioning (C. Boutique Interior Design & Architecture Studios) — no explicit price signal was found in the original source; treat as a soft default, not a confirmed price point.",Design only,,+998902000167 / +998916155802,Not determinable,Instagram,Uzbek,https://www.instagram.com/reel/DbYfQDSKMUv/,,Actively posts project reels/portfolio content on Instagram | Two direct contact phone numbers advertised in bio/captions,"Recurred across several Uzbek and Russian search queries with matching phone numbers, indicating an active, real studio. Instagram profile could not be fully scraped (login wall); info taken from public reel captions."
No,Creative Home,Namangan,Interior Designer,,C. Boutique Interior Design & Architecture Studios,Retail,,Not determinable,,Medium,"v2.0: inferred from segment positioning (C. Boutique Interior Design & Architecture Studios) — no explicit price signal was found in the original source; treat as a soft default, not a confirmed price point.",Not determinable,,,Namangan (exact address not captured),Not determinable,Russian/Uzbek,https://yandex.uz/maps/org/216641874828/,,Listed on Yandex Maps as 'Interyer dizayni' (interior design) provider,Found via Uzbek-language search ('interyer dizayni studiyasi Namangan'); limited public information available.
No,Bobur Dizayn Studiyasi,Namangan,Interior Designer,,C. Boutique Interior Design & Architecture Studios,Retail,,Not determinable,,Medium,"v2.0: inferred from segment positioning (C. Boutique Interior Design & Architecture Studios) — no explicit price signal was found in the original source; treat as a soft default, not a confirmed price point.",Design only,,,Namangan,Facebook,Uzbek,https://www.facebook.com/boburdizaynstudiya/,,Dedicated Facebook business page for interior design services in Namangan,Facebook page could not be scraped in full (platform restrictions); identified via Uzbek-language search results.
No,Namangan arkh (Наманган арх),Namangan,Architecture Studio,,C. Boutique Interior Design & Architecture Studios,Retail,,Not determinable,,Medium,"v2.0: inferred from segment positioning (C. Boutique Interior Design & Architecture Studios) — no explicit price signal was found in the original source; treat as a soft default, not a confirmed price point.",Design only,,Not determinable,"Ulitsa Usmana Nasyra, 9, Namangan",Not determinable,Russian,https://namangan.remkarta.ru/namangan/namangan-arh-814112/,,One of 6 dedicated architecture bureaus listed for Namangan in local directory,Also appears on Yandex Maps as 'namangan_arkh' with the same street address; no independent website located.
No,Metric Architects,Namangan,Architecture Studio,,C. Boutique Interior Design & Architecture Studios,Retail,,Not determinable,,Medium,"v2.0: inferred from segment positioning (C. Boutique Interior Design & Architecture Studios) — no explicit price signal was found in the original source; treat as a soft default, not a confirmed price point.",Design only,,+998 99 18... (number masked in directory listing),"Severnaya koltsevaya doroga, 46, Namangan",Not determinable,Russian,https://namangan.remkarta.ru/namangan/metric-architects-961117/,,"Open Mon-Sat 09:00-19:00, longer hours than most local peers, suggesting active client-facing practice",English-sounding studio name suggests a modern/contemporary positioning; no independent website found.
No,Techno Engineering Expert,Namangan,Architecture Studio,Architecture + engineering/design bureau,C. Boutique Interior Design & Architecture Studios,Retail,,Not determinable,,Medium,"v2.0: inferred from segment positioning (C. Boutique Interior Design & Architecture Studios) — no explicit price signal was found in the original source; treat as a soft default, not a confirmed price point.",Not determinable,,+998 97 25... (number masked in directory listing),"Ulitsa N. Namangani, Namangan",Not determinable,Russian,https://namangan.remkarta.ru/namangan/techno-engineering-expert-814111/,,Name signals combined architectural + engineering design services,Also listed on Yandex Maps under 'architectural_firm' category for Namangan region.
No,Ziyoli Loyiha,Namangan,Architecture Studio,,C. Boutique Interior Design & Architecture Studios,Retail,,Not determinable,,Medium,"v2.0: inferred from segment positioning (C. Boutique Interior Design & Architecture Studios) — no explicit price signal was found in the original source; treat as a soft default, not a confirmed price point.",Design only,,Not determinable,"Ulitsa Galaba, 18, Namangan",Not determinable,Uzbek/Russian,https://namangan.remkarta.ru/namangan/ziyoli-loyiha-814110/,,'Ziyoli Loyiha' translates roughly to 'Intellectual/Enlightened Project' - positions as a design-forward practice,Open Mon-Sat 08:00-19:00 with lunch break; no independent website found.
No,Luxhouse (Namangan service page),Namangan,Hybrid,Architecture Studio + Interior Designer (regional branch/service area of a Tashkent-headquartered multi-city studio),C. Boutique Interior Design & Architecture Studios,Retail,,No,"No local Namangan office address given; only contact address listed is the Tashkent HQ (ul. Navoi 9, office 412). Namangan page functions as a service-area landing page, not a confirmed physical branch.",High,"Premium positioning implied by portfolio (bank HQ interiors, hotel/restaurant complexes, developer sales offices)",Design only,luxhouse_s@mail.ru,+998 88 111 90 90 / +998 90 348 10 47,"100071, Tashkent, ul. Navoi 9, office 412 (HQ; serves Namangan remotely/on-project-basis)",Multiple,Russian,https://luxhouse.uz/namangan,,"""We create unique architectural projects, stylish interiors and functional spaces"" - full-service architecture + commercial/residential interior design + landscaping | Portfolio includes AgroBank interior and the sales office for developer Golden House | Part of a multi-city network (Tashkent, Samarkand, Andijan, Bukhara, Fergana, plus Kazakhstan/Russia franchises)","Genuinely active, professional studio with strong portfolio, but no verified physical presence in Namangan itself - likely serves Namangan clients from Tashkent. Included as a relevant Design+Architecture actor targeting the Namangan market; worth verifying local office before outreach."
No,Farchitects Design Bureau (Farchitects Group of Companies),Namangan,Architecture Studio,International architecture/design bureau active on a large-scale Namangan-region project,C. Boutique Interior Design & Architecture Studios,Retail,,No,No physical office or showroom in Namangan identified; company appears headquartered internationally (Azerbaijan/UK-linked entities) with project-based presence in Namangan region.,High,High-end resort/large-scale development project signals premium positioning,Not determinable,,,"Not determinable (project site: Chodak area, Namangan Region)",Multiple,English,https://amcham.az/en/post/1796,,"Presented the concept design for 'Namangan Resort', a large-scale development planned for the Chodak area of Namangan Region | ""WE ARE ARCHITECTURE DESIGN BUREAU - We make your life more comfortable!""","Included because of a documented large-scale project in the Namangan region, but this is a foreign-based bureau (LinkedIn lists an Azerbaijan entity; also has a .co.uk site) without confirmed local Namangan office - lower confidence as a physical retail/exhibition contact."
No,STEP Фабрика мебели (Egamberdiev Mebel Fabrikasi),Namangan,Kitchen,,B. Premium Kitchen & Custom Furniture Studios,Retail,,Yes,"Listed as a furniture factory ('фабрика мебели') with a physical street address in Namangan, implying an on-site showroom/factory outlet typical of this business type.",Medium,"v2.0: inferred from segment positioning (B. Premium Kitchen & Custom Furniture Studios) — no explicit price signal was found in the original source; treat as a soft default, not a confirmed price point.",Design+Install+Supply,abdufattayev98@gmail.com,+998 55... (number masked in directory listing),"160800, Namangan region, Namangan, ul. Beruni Sohili, 6",Website,Russian,https://www.yellowpages.uz/kompaniya/step-fabrika-mebeli,,"Only company formally listed under 'Kitchen furniture, custom kitchens' category for Namangan on Yellow Pages Uzbekistan | Operates as a furniture factory (own production), brand name 'STEP'","Listed website 'stepmebel.uz' could not be reached (DNS resolution failed at time of research) - may be inactive/changed domain; legal name is 'Egamberdiev Mebel Fabrikasi' ЧП, which closely matches the Instagram handle 'egamebel_uz' found in earlier searches (likely the same business)."
No,AL AZIZ MEBEL,Namangan,Kitchen,,B. Premium Kitchen & Custom Furniture Studios,Retail,,Not determinable,,Medium,"v2.0: inferred from segment positioning (B. Premium Kitchen & Custom Furniture Studios) — no explicit price signal was found in the original source; treat as a soft default, not a confirmed price point.",Design+Install+Supply,,+998882555566 / +998993200007 / +998931936068,Namangan (Mingbuloq area referenced); free delivery within Namangan city,Instagram,Uzbek,https://www.instagram.com/al_aziz_mebelnamangan_uz/,,"Custom-order kitchen, wardrobe and bedroom furniture ('Oshxona | Shkaf | Yotoqxona') | Advertises '1 year service warranty' and free delivery across Namangan city | ""Sifat & aniqlik"" (Quality & precision) as tagline","Multiple related/possibly-affiliated Instagram accounts found (al_aziz_mebelnamangan_uz, all.aziz.mebel, Al Aziz Mebel Facebook page) - likely the same family business operating across platforms."
No,Namangan Mebel Zakaz,Namangan,Kitchen,Custom furniture incl. kitchens,B. Premium Kitchen & Custom Furniture Studios,Retail,,Not determinable,,High,Value/mid-market signal ('optimal prices') rather than premium,Design+Install+Supply,,+99893 943 55 34,Namangan,Instagram,Russian,https://www.instagram.com/namangan_mebel_zakaz/,,"""Оптимальные цены и отличное качество"" (Optimal prices and excellent quality) | Product range: kitchen furniture, bedroom sets, children's furniture",Active Instagram presence with consistent phone number across multiple posts/reels found in search.
No,GTG Elevator Group,Namangan,Contractor,Elevator & MEP systems supplier/installer (construction-adjacent),D. Contractors / EPC Firms,Retail,,No,B2B equipment supplier/installer profile; no retail showroom evidence.,Medium,"v2.0: inferred from segment positioning (D. Contractors / EPC Firms) — no explicit price signal was found in the original source; treat as a soft default, not a confirmed price point.",Design+Install+Supply,grandtechg@gmail.com,+998... (number masked in directory listing),"Namangan region, 160100, Namangan, ul. Turakurgan, 180",Website,Russian,https://top.uz/company/gtg-elevator-group-ooo,,Listed under 'Elevators' and 'Security equipment' categories in addition to construction organizations,Website grandtech.uz listed but not independently verified/scraped; included as one of only five formally listed construction organizations for Namangan on Top.uz.
No,Firuza МЧФ,Namangan,Contractor,,D. Contractors / EPC Firms,Retail,,Not determinable,,Medium,Not determinable,Design+Build,,+998... (number masked in directory listing),"Namangan region, Namangan, ul. Amira Temura, 97",Not determinable,Russian,https://top.uz/company/firuza-mchf,,Formally registered general construction/repair organization (МЧФ - private family firm) in Namangan,One of only 5 companies formally listed under 'Construction and construction-repair organizations' for Namangan region on Top.uz directory.
No,Mirmax Industrial,Namangan,Contractor,,D. Contractors / EPC Firms,Retail,,Not determinable,,Medium,Not determinable,Design+Build,,,Namangan region,Not determinable,Russian,https://top.uz/company/mirmax-industrial-ooo,,"Customer review: ""Very professional work"" (""Очень профессионально работают"")",Identified via a positive customer review on the Top.uz Namangan construction-companies category page; no independent website scraped.
No,Leader Key House,Namangan,Contractor,Turnkey renovation/repair company,D. Contractors / EPC Firms,Retail,,Not determinable,,Medium,Not determinable,Design+Build,,,Namangan region,Not determinable,Russian,https://top.uz/company/leader-key-house-ooo,,"Name signals turnkey ('key house') renovation positioning | Mixed reviews: some praise timeliness/quality, others allege serious contract/payment issues - reputational risk flagged","CAUTION: reviews on Top.uz are notably mixed, including a serious fraud allegation (unpaid workers/clients) alongside positive reviews. Recommend independent verification before any partnership outreach."
No,Chortoq Samo Qurilish Ta'mir,Namangan,Contractor,,D. Contractors / EPC Firms,Retail,,Not determinable,,Medium,Not determinable,Design+Build,,+998... (number masked in directory listing),"Namangan region, Chartak, pos. Koroskhon, 33",Not determinable,Uzbek/Russian,https://top.uz/company/chortoq-samo-qurilish-ta-mir-ooo,,"Formally registered construction/repair organization based in Chartak district, Namangan region",Based in Chartak (a district town within Namangan region rather than Namangan city itself) - included for regional coverage; verify proximity/relevance to Namangan city retail strategy.
No,MJ Developers (ЖК Namangan Square),Namangan,Developer,,E. Developers & Project Ecosystem,Retail,,Not determinable,,High,"Comfort-class (mid-to-upper-mid market), described as 'international developer' with premium finish standards",Design+Build+Develop,,,Namangan city (Namangan Square project; developer HQ location not specified),Website,Russian,https://salomuy.uz/ru/housing-estate/201655,,"""Namangan Square is a landmark comfort-class residential complex from international developer MJ Developers"" - positioned as a 'city within a city' | 9-storey brick-built building with finished ('чистовая') interiors, underground+open parking, passenger elevator | Project fully built and 100% sold out, cited as proof of strong developer reputation and demand","Described as an 'international developer' active since 2010; this project is fully sold/delivered, so relevant for future project pipeline follow-up rather than immediate sample placement. Developer profile page: https://salomuy.uz/ru/developers/100687"
No,TXT Group (ЖК Central Avenue Namangan),Namangan,Developer,,E. Developers & Project Ecosystem,Retail,,Not determinable,"Large active developer with a dedicated sales/project page and hotline; likely has a sales office in Namangan given the scale of the project, but no address confirmed.",High,"Explicitly premium ('премиальный стиль жизни'); investment-grade pricing example given (~480M UZS / ~$37,354 apartment)",Design+Build+Develop,,1361 (national sales hotline); +7 (495) 641-35-35 (head office),"Ulitsa A. Khodzhaeva, central Namangan (Central Avenue project site)",Multiple,Russian,https://txt.group/ru/projects/central-avenue.html,,"""Central Avenue - a new premium lifestyle in Namangan"" - explicitly premium/luxury positioning | 22-storey, 5-block complex described as 'the most beautiful building in Namangan', with unique asymmetric facade, LED facade lighting, underground parking, and ground-floor retail/commercial space | Part of a larger national developer (TXT Group, operating since 2011) active across Uzbekistan","Strongest premium/high-end developer signal found for Namangan - large-scale, architecturally distinctive, explicitly marketed as premium, with ground-floor commercial/retail space that could be a natural showroom/POS location. Social channels: Instagram @txtgroup.uzb, Telegram t.me/txtgroupuzb, Facebook txtgroup.uzb."
No,Granit va Mramor,Namangan,Kitchen & Bath,Natural stone (granite/marble) products retailer/fabricator - relevant as a premium materials showroom,A. Premium Materials & Bath Showrooms,Retail,,Yes,Listed on Yandex Maps as a physical shop/workshop selling granite and marble stone products at a specific street address in Namangan.,High,"v2.0: inferred from segment positioning (A. Premium Materials & Bath Showrooms) — no explicit price signal was found in the original source; treat as a soft default, not a confirmed price point.",Design+Install+Supply,,,Namangan (street address on Yandex Maps listing),Not determinable,Russian,https://yandex.ru/maps/org/granit_va_mramor/2925973098/,"Granite, Marble (natural stone)",Direct name translation 'Granite and Marble' - core business is natural stone products/countertops,Closest match found in Namangan to a 'premium materials showroom' (stone/quartz/marble) category; natural stone competitor/adjacent category to Cosentino's Silestone/Dekton/Sensa surfaces - potentially relevant both as a competitor benchmark and as a channel partner conversation.
No,Mramor Granit Master (@granit.namangan),Namangan,Kitchen & Bath,Granite/marble/tile fabrication and installation - premium materials showroom category,A. Premium Materials & Bath Showrooms,Retail,,Not determinable,,High,"v2.0: inferred from segment positioning (A. Premium Materials & Bath Showrooms) — no explicit price signal was found in the original source; treat as a soft default, not a confirmed price point.",Design+Install+Supply,,,Namangan,Instagram,Russian,https://www.instagram.com/reel/DZu0zRwo9u-/,"Granite, Marble, Ceramic tile ('керамогранит', 'кафель', 'мрамор', 'гранит')","Positions around 'КЕРАМОГРАНИТ | КАФЕЛЬ | ГРАНИТ | МРАМОР' (porcelain tile | tile | granite | marble) - directly relevant natural/engineered stone materials retailer | Regularly posts installation/fabrication project reels (countertops, staircases, cladding)","A second, related Instagram account 'master.granit.official' was also found using very similar branding/content - may be the same business or a close local competitor; worth disambiguating before outreach."
No,Renaissance Design (rdesign.uz),Samarkand,Hybrid,Interior Design + Architecture Studio,C. Boutique Interior Design & Architecture Studios,Retail,,Not determinable,"Listed as a studio/office on Yandex Maps and 2GIS ('Renaissance', 'Архитектурное бюро'); no explicit product showroom mentioned.",Medium,Not determinable,Design+Build,info@rdesign.uz,+998 91 555 24 04 / +998 33 094 55 55,"Samarkand, ul. Davlatabad 14 (also listed as ul. Mirzo Ulugbeka 58)",Multiple,Russian/English,https://www.facebook.com/rdesignuz/ ; https://yandex.ru/maps/org/renaissance/144747054398/ ; https://samcity.uz/catalog/item/studiya-renaissance-design,Not determinable,Full-cycle interior design and architectural design projects | Any project executed according to client's wishes | Also offers renovation/fit-out of premises,"Appears under both 'Renaissance' and 'Renaissance Design' names across directories (Yandex Maps, 2GIS, samcity.uz, Facebook). 2GIS categorizes it under interior design, architectural design and premises renovation."
No,Stildi Interior Studio,Samarkand,Interior Designer,,C. Boutique Interior Design & Architecture Studios,Retail,,Not determinable,,Medium,"v2.0: inferred from segment positioning (C. Boutique Interior Design & Architecture Studios) — no explicit price signal was found in the original source; treat as a soft default, not a confirmed price point.",Design only,,+998 97 925 32 36,Samarkand (exact address not published),Instagram,Russian,https://www.instagram.com/diyora_vagizova/ ; https://2gis.uz/samarkand/firm/70000001095137355,Not determinable,"Design of houses, apartments and commercial spaces | Founder Diyora Vagizova also teaches interior design at KIUT university | Personal-brand studio with active Instagram presence","Studio also appears on 2GIS as 'Стильdi, дизайн-студия'. Founder-led boutique studio rather than a large firm."
No,Studio 662,Samarkand,Interior Designer,,C. Boutique Interior Design & Architecture Studios,Retail,,Not determinable,,Medium,"v2.0: inferred from segment positioning (C. Boutique Interior Design & Architecture Studios) — no explicit price signal was found in the original source; treat as a soft default, not a confirmed price point.",Design+Install,,+998 99 662 06 62,Samarkand (exact address not published),Instagram,Russian,https://www.instagram.com/studio_662/,Not determinable,"Design projects and turnkey renovation ('Ремонт под ключ') | 7,300+ Instagram followers, 311 posts — established local presence | Owner-operated studio (@bekzod_662_)",
No,ID Studio,Samarkand,Interior Designer,,C. Boutique Interior Design & Architecture Studios,Retail,,Not determinable,,Medium,"v2.0: inferred from segment positioning (C. Boutique Interior Design & Architecture Studios) — no explicit price signal was found in the original source; treat as a soft default, not a confirmed price point.",Not determinable,,,"Samarkand, Prospekt Zarafshan",Website,Russian,https://yandex.ru/maps/10334/samarkand/category/interior_design/184107539/,Not determinable,"Listed under Samarkand interior-design category on Yandex Maps, rating 3.9",Very limited public information found beyond directory listing; included as a best-available candidate for the Interior Designer category.
No,MAG PROJECTING,Samarkand,Hybrid,Architecture + Interior Design + Branding studio,C. Boutique Interior Design & Architecture Studios,Retail,,Not determinable,,Medium,Starting price stated: 'от 104 000 UZS/м2' for a single floor-plan solution (3D),Design only,,,Not determinable (studio serves Uzbekistan-wide clients),Website,Russian,http://mag.pro.tilda.ws/,Not determinable,"Architecture, interior design and branding under one roof | Hundreds of realized projects in Uzbekistan and abroad | Full cycle from concept to realization",Site does not confirm a Samarkand physical office; found via Samarkand-targeted search so likely serves the city but HQ location unconfirmed.
No,Samarkand Design Studio,Samarkand,Architecture Studio,,C. Boutique Interior Design & Architecture Studios,Retail,,Not determinable,,Medium,Houzz profile lists 'Typical Job Cost $7-10' (data likely incomplete/unreliable),Design+Build,,+998 91 519 52 42,"Samarkand, Massiv, ul. Turkistanskaya 157",Multiple,Russian/English,https://yandex.ru/maps/org/samarkand_design_studio/102086098474/ ; https://www.houzz.com/professionals/design-build-firms/samarkand-design-studio-pfvwus-pf~2116186988 ; https://www.facebook.com/Samarkand.design.studio/,Not determinable,"Listed on Houzz as a design-build firm, principal Shakhram Gulyamov | Interior and exterior design with authorial supervision, 10 years of experience claimed on Instagram | Typical job cost on Houzz listed at $7-10 (per design unit, likely truncated/unreliable data)","Same entity/phone number appears at two different Yandex Maps addresses (Turkistanskaya 157 and a second listing); may have relocated or have two branches. Houzz profile oddly lists a New York, NY address field, likely a platform default rather than an actual US location."
No,ARKH BYURO Samarkand (@lartdudizayn),Samarkand,Architecture Studio,,C. Boutique Interior Design & Architecture Studios,Retail,,Not determinable,,Medium,"v2.0: inferred from segment positioning (C. Boutique Interior Design & Architecture Studios) — no explicit price signal was found in the original source; treat as a soft default, not a confirmed price point.",Not determinable,,+998 97 910 80 50,"Samarkand, Mingtut 20 (Silk Road area)",Instagram,Russian,https://www.instagram.com/lartdudizayn/,Not determinable,Positions itself explicitly as an architecture bureau ('АРХ БЮРО') based in Samarkand's old city/Silk Road center,"Small Instagram-only presence (297 followers), boutique/independent architect."
No,Luxhouse.uz — Samarkand,Samarkand,Architecture Studio,,C. Boutique Interior Design & Architecture Studios,Retail,,Not determinable,,Medium,"v2.0: inferred from segment positioning (C. Boutique Interior Design & Architecture Studios) — no explicit price signal was found in the original source; treat as a soft default, not a confirmed price point.",Design only,,,Not determinable (Samarkand branch page has no explicit local address),Website,Russian,https://luxhouse.uz/samarkand,Not determinable,Professional architectural planning and design services for residential and commercial projects | Also offers landscaping/improvement design and 3D tours | Operates a dedicated Samarkand city landing page,"This appears to be a regional multi-city network with branches in Kazakhstan (Astana, Almaty), Uzbekistan (Tashkent, Namangan, Samarkand) and Russia — likely a franchise/lead-gen network rather than a purely local independent Samarkand studio. Verify genuine local presence/office before outreach."
No,Elite Building,Samarkand,Hybrid,Contractor + Real Estate Developer,E. Developers & Project Ecosystem,Retail,,Not determinable,,High,"Website lead form budget bands go up to '$80K+', and one project is explicitly branded 'Qorasuv Premium' | v2.0: resolved from ""Medium-High (mixed signals)"" -> High.",Design+Build+Develop,,+998 78 555 11 77,"Samarkand, Rudakiy ko'chasi 175 (also a second office at Qorasuv dahasi 110)",Multiple,Uzbek/Russian,https://elite-building.uz/kompaniya ; https://www.instagram.com/elitebuilding.uz/ ; https://uysot.uz/uz/zastroyshiki/elite-building,Not determinable,"10 years in business (since 2015), 2,500+ apartments delivered, 1,000+ employees, 7 projects | Completed/active projects: Qizil Domlar (Titanik), Qorasuv Premium, Orzular Makoni, Centrum Guliston, Orifon | Contact form segments leads by budget tiers up to $80K+, indicating mid-to-premium apartment offering",One of the more established and active developer/contractor hybrids in Samarkand with a modern branded website and active Telegram channel (@orzularmakoni_eb).
No,Home Decor (@remont_v_samarkande),Samarkand,Contractor,,D. Contractors / EPC Firms,Retail,,Not determinable,,Medium,Not determinable,Design+Build,,+998 91 556 99 95,Samarkand (exact address not published),Instagram,Russian,https://www.instagram.com/remont_v_samarkande/,Not determinable,"Self-described as 'СТРОИТЕЛЬНАЯ КОМПАНИЯ HOME DECOR' | Turnkey apartment/office renovation, interior design, turnkey construction | Also active on Telegram",
No,Global Avenue,Samarkand,Hybrid,Contractor + Real Estate Developer,E. Developers & Project Ecosystem,Retail,,Not determinable,,High,Explicit 'бизнес-класса' (business class) positioning and limited penthouse units messaging,Design+Build+Develop,,+998 66 230 00 08 / +998 78 113 09 79,"Samarkand, ul. M37a area",Instagram,Russian/Uzbek,https://www.instagram.com/global_avenue_uz/,Not determinable,"'Дома, построенные с любовью' — new residential developments in Samarkand | Building a 12-story, 516-apartment residential complex as part of a large-scale renovation area | Business-class comfort positioning, limited penthouse units available",
No,Ulug Siymo Qurilish,Samarkand,Developer,,E. Developers & Project Ecosystem,Retail,,Not determinable,,Medium,Not determinable,Design+Build+Develop,,,Samarkand (exact address not published),Website,Russian,https://www.samcity.uz/catalog/category/stroitelnye-kompanii,Not determinable,"In business since 2015, described as a leading developer company in Samarkand | Builds profitable/cost-effective residential objects",Limited detail beyond directory description; worth direct follow-up to confirm segment positioning.
No,"TXT Group (developer of Havas Premium, Brilliant City Samarkand)",Samarkand,Developer,,E. Developers & Project Ecosystem,Retail,,Not determinable,,High,Explicit premium-class ('премиум-класса') project branding for two Samarkand developments,Design+Build+Develop,,,Samarkand (project-based; group has international sales offices per txt.group site),Website,Russian,https://salomuy.uz/ru/housing-estate/201500 ; https://www.txt.group/search.html?project=Brilliant%20City,Not determinable,"Havas Premium described as a 'majestic and exclusive premium-class residential complex' in Samarkand | Also developing Brilliant City in Samarkand, marketed at Comfort/Premium class tiers | International developer group with multiple sales offices","TXT Group operates across multiple CIS markets; Samarkand presence is project-specific (Havas Premium, Brilliant City)."
No,SXF Samarkand City Stroy (developer of ZhK Samarqand City),Samarkand,Developer,,E. Developers & Project Ecosystem,Retail,,Not determinable,,High,Explicit premium-class ('премиум-класса') project positioning,Design+Build+Develop,,,"Samarkand, ul. Amira Temura 83",Website,Russian,https://urbo.uz/developers/sxf-samarkand-city-stroy-ru-47 ; https://salomuy.uz/ru/housing-estate/201535 ; https://immo.uz/novostroyki/zhk-samarqand-city__74,Not determinable,"Large-scale premium-class residential complex 'Samarqand City' in the center of Samarkand | Mixed-use: residential blocks, parks, shops, hotels and business centers | Claims use of energy-efficient construction methods",One of the largest mixed-use development projects identified in central Samarkand.
No,SAM HOUSE (developer of ZhK SAM ROS STORY),Samarkand,Developer,,E. Developers & Project Ecosystem,Retail,,Not determinable,,Medium,"v2.0: inferred from segment positioning (E. Developers & Project Ecosystem) — no explicit price signal was found in the original source; treat as a soft default, not a confirmed price point.",Develop,,,"Samarkand, Qorasuv district",Website,Russian,https://uysot.uz/jurnal/top-15-novostroek-samarkanda-64 ; https://domtut.uz/agentstvo/sam-house,Not determinable,Ranked #1 in a 'Top-15 new developments in Samarkand' industry roundup (uysot.uz) | Developer of ZhK SAM ROS STORY in the Qorasuv district,Limited data beyond ranking listing; included as a best-available candidate given prominence in the Top-15 list.
No,STORY DOM SIYOB (developer of ZhK Gagarin Avenue),Samarkand,Developer,,E. Developers & Project Ecosystem,Retail,,Not determinable,,Medium,Listed with 'elit' class tag in the Top-15 ranking,Develop,,,Not determinable,Website,Russian,https://uysot.uz/jurnal/top-15-novostroek-samarkanda-64,Not determinable,"Ranked #2 in the 'Top-15 new developments in Samarkand' roundup (uysot.uz), positioned as 'elit' (elite) class | Developer of ZhK Gagarin Avenue",Very limited independent data found beyond the ranking source; recommend further verification before outreach.
Yes,Kale Gallery Samarkand,Samarkand,Kitchen & Bath,"Multi-brand bathroom/tile & sanitaryware showroom, official distributor of imported (Turkish) brand",A. Premium Materials & Bath Showrooms,Retail,,Yes,"Physical showroom address given (Buyuk Ipak Yo'li 26, opposite the city gas company 'Gorgaz'); Telegram channel documents showroom interior/product photos (1,090+ photos).",High,Positions as 'exclusive' distributor of an imported premium brand,Design+Install+Supply,,+998 97 390 66 66,"Samarkand, Buyuk Ipak Yo'li 26 (landmark: opposite Gorgaz)",Telegram,Russian/Uzbek,https://t.me/s/kalegallery_samarkand ; https://www.facebook.com/kalegallery.samarkand/ ; http://www.kale.uz/,Kale (Turkish sanitaryware/tile/bathroom-furniture brand); GROHE referenced in an associated Facebook post about Kazakhstan operations of the same distributor group,"'Впервые в Самарканде' — first official distributor of this Turkish sanitaryware/tile/bathroom-furniture brand in the city | Exclusive sanitaryware, tile and bathroom furniture ('Эксклюзивная сантехника, кафель и мебель для ванных комнат') | Offers free 3D project design and free delivery","Strongest Kitchen & Bath / materials showroom candidate found in Samarkand — has a real street-level showroom, an official import/distribution relationship, and active social presence across Telegram, Instagram and Facebook."
Yes,Liberty (Мебель Либерти / TEAM LIBERTY),Samarkand,Hybrid,Custom kitchen/furniture factory + engineered quartz & acrylic stone showroom (authorized dealer),A. Premium Materials & Bath Showrooms,Retail,,Yes,Listed as an official 'nearest dealer' with street address on the Interstone.uz dealer-locator page for its quartz/acrylic stone products; also has a factory/showroom address for the furniture business.,High,"Instagram bio mentions 'Доступные цены' (affordable prices) — positions closer to accessible/mid segment rather than ultra-premium | v2.0: resolved from ""Medium-High (mixed signals)"" -> High.",Design+Install+Supply,,+998 91 543 77 33 / +998 90 213 76 90,"Samarkand, ul. Beruni 99 (furniture); ul. Mirzo Bedila 19 (TEAM LIBERTY stone showroom — same phone as furniture business)",Telegram,Russian,https://t.me/s/libertymebel ; https://interstone.uz/buy-products ; https://www.instagram.com/liberty.uzbekistan/,"Interstone (Avant Quartz, Noblle Quartz engineered quartz; GRANDEX, NEOMARM acrylic stone)","15 years of experience; custom kitchens, wardrobes, bedrooms, turnkey furniture | Manufactures countertops, windowsills, bar counters from engineered quartz stone | Authorized Samarkand dealer for the Interstone quartz/acrylic stone brand (listed as 'TEAM LIBERTY')","Same phone number (+998 90 213 76 90) links the furniture factory ('Мебель Либерти') and the quartz/acrylic stone dealer listing ('TEAM LIBERTY') on Interstone's site — very likely the same company operating both a furniture/kitchen line and a stone-surfaces showroom, making it a relevant dual-typology contact for kitchen/countertop distribution."
No,Brand Stone Samarkand,Samarkand,Kitchen & Bath,,A. Premium Materials & Bath Showrooms,Retail,,Not determinable,,High,"v2.0: inferred from segment positioning (A. Premium Materials & Bath Showrooms) — no explicit price signal was found in the original source; treat as a soft default, not a confirmed price point.",Design+Install+Supply,,,Samarkand (exact address not published),Instagram,Russian,https://www.instagram.com/brand_stone_3132/,Acrylic and quartz artificial stone (own brand 'Brand Stone'),Artificial stone: acrylic and quartz | Manufactures countertops for kitchens and bathrooms,
No,Adavit Santehnika,Samarkand,Kitchen & Bath,,A. Premium Materials & Bath Showrooms,Retail,,Yes,"Two physical shop addresses published in Instagram bio: Buyuk Ipak Yoli 11 and Gagarina 29, Samarkand.",High,Explicit 'премиум-класса' (premium class) self-positioning,Not determinable,,+998 91 297 97 10 / +998 91 555 44 43,"Samarkand, Buyuk Ipak Yoli 11 and Gagarina 29 (two locations)",Instagram,Russian,https://www.instagram.com/adavit_santexnika/,Not determinable (brand names not specified in available snippets),'Магазин премиальной сантехники' — explicitly branded as a premium sanitaryware store | Acrylic bathtubs and jacuzzis in various shapes/colors | Two retail locations in Samarkand,"Premium bathroom-fixtures retail showroom, not a design studio; classified as Kitchen & Bath as the closest fit to a materials showroom."
No,ORSI PREMIUM,Samarkand,Hybrid,Materials/furniture showroom (exclusive/premium furniture retail),A. Premium Materials & Bath Showrooms,Retail,,Yes,Instagram bio explicitly references a 'шоурум' (showroom) with a full street address in Samarkand.,High,Name and bio explicitly signal premium/exclusive positioning,Not determinable,,+998 55 706 20 00,"Samarkand, ul. Gagarina 101A",Instagram,Russian,https://www.instagram.com/orsi_premium/,Not determinable,'ORSI PREMIUM | ЭКСКЛЮЗИВНЫЕ МЕБЕЛИ' — exclusive furniture positioning | Dedicated street-front showroom in Samarkand,Premium/exclusive furniture retail showroom; classified as Hybrid since 'materials/furniture showroom' is not a standalone typology option.
No,Prime Ceramics,Samarkand,Hybrid,"Materials showroom/manufacturer (premium porcelain/ceramic tile, sold via distributors and own web store)",A. Premium Materials & Bath Showrooms,Retail,,Not determinable,Primarily a factory (Farhad industrial zone); retail exposure is mainly through distributor showrooms in Uzbekistan/Russia and its own e-commerce site rather than a confirmed factory-side showroom.,High,"v2.0: inferred from segment positioning (A. Premium Materials & Bath Showrooms) — no explicit price signal was found in the original source; treat as a soft default, not a confirmed price point.",Not determinable,info@primeceramics.uz (partially masked in source: 'i***********@primeceramics.uz'),+998 97 721 70 07 / +998 93 356 50 70,"Samarkand, Farhad settlement (industrial zone)",Website,Russian,https://keramogranituz.com/ ; https://uzsm.uz/ru/about/organizations/ip-ooo-prime-ceramics/ ; https://www.rusplitka.ru/news/novaya-fabrika-prime-ceramics/,Own brand 'Prime Ceramics' porcelain tile; product also distributed via Global Tile / rusplitka.ru / Art Centre Moscow under a 'Samarkand' collection name,"Uzbek company producing and selling ceramic/porcelain tile, factory based in Samarkand | Uses modern Italian equipment per promotional material | Exports to Russia and other markets via distributor networks","This is a manufacturer/wholesaler of ceramic/porcelain tile rather than a design studio, classified as Hybrid/materials showroom. Could be a manufacturing partner or competitor-adjacent contact rather than a retail placement point of sale."
No,Sina Lux Tile,Samarkand,Hybrid,Materials showroom (ceramic tile retail),A. Premium Materials & Bath Showrooms,Retail,,Not determinable,,High,"v2.0: inferred from segment positioning (A. Premium Materials & Bath Showrooms) — no explicit price signal was found in the original source; treat as a soft default, not a confirmed price point.",Not determinable,,,"Samarkand, Rudaki Street 175B",Website,English/Russian,https://yandex.com/maps/org/sina_lux_tile/35208378115/,Not determinable,Listed as a ceramic tile retailer on Yandex Maps,Minimal public data found beyond directory listing; classified as Hybrid/materials showroom. Included as a best-available candidate to round out the materials-showroom category.
No,Reverem House,Andijan,Developer,,E. Developers & Project Ecosystem,Retail,,Not determinable,Likely has a sales office for model apartments (common for developers in Uzbekistan) but no direct evidence found of a physical showroom.,Medium,"Comfort class, mid-range pricing ($483-595/m2)",Design+Build+Develop,,,"Andijan City, A. Musaev St.",Website,Russian,https://realting.uz/andijon-city/new-buildings,,"Developer of multiple comfort-class residential complexes in Andijan (Yangi Hayot, Sokin City, Reverem House) | Completed projects 2023-2024 | Prices from ~$483-595/m2 per listing aggregators","Found via realting.uz and immo.uz new-build aggregators. Developer name appears consistently across 3 projects (Yangi Hayot, Sokin City/Сокин Сити, Reverem House) all on A. Musaev St, Andijan. No direct company website or contact found; likely reachable via listing portals."
No,Shodlik Grand Buildings,Andijan,Developer,,E. Developers & Project Ecosystem,Retail,,Not determinable,,High,Business class,Design+Build+Develop,,,"Andijan City, Bukhoro St. (Damaryk area)",Website,Russian,https://realting.uz/andijon-city/new-buildings,,"Builder of ЖК Shodlik Grand House, a 12-story business-class complex | 7 unique floor plans offered | Completed 2023/2024","Listed on realting.uz, immo.uz, uysot.uz. No direct contact info found in search results."
No,Star House Buildings,Andijan,Developer,,E. Developers & Project Ecosystem,Retail,,Not determinable,,Medium,Comfort/mid-range ($483-563/m2),Design+Build+Develop,,,Andijan City (Karatut / Shurbulak areas),Website,Russian,https://realting.uz/andijon-city/new-buildings,,Developer of ЖК Emir (Karatut) and ЖК Star House Andijon (Shurbulak) | Completed 2024 | Prices from ~$483-563/m2,Two projects attributed to this developer on realting.uz aggregator listings for Andijan.
No,Tojmahal Inshoat (ТОЖМАХАЛ),Andijan,Developer,,E. Developers & Project Ecosystem,Retail,,Not determinable,,High,Business class,Design+Build+Develop,,,"Andijan City, 5th Microdistrict, Furkat St.",Website,Russian,https://immo.uz/andijanskaya-oblast/novostroyki,,"Developer of ЖК TOJMAHAL, a business-class residential complex in central Andijan | Completed 2023","Consistently listed across realting.uz, immo.uz, salomuy.uz aggregators as a business-class Andijan project."
No,Milliard House,Andijan,Developer,,E. Developers & Project Ecosystem,Retail,,Not determinable,,High,Business class,Design+Build+Develop,,,"Andijan City, Mashrab St. (Shurbulak area)",Website,Russian,https://immo.uz/andijanskaya-oblast/novostroyki,,"Developer of ЖК Milliard House, business class | Completion scheduled Q4 2026 (still under construction — potential future sample placement opportunity)","Under construction with completion targeted late 2026, making it a good near-term prospect for material specification during finishing stage."
No,Muhtasham Uylar,Andijan,Developer,,E. Developers & Project Ecosystem,Retail,,Not determinable,,Medium,Comfort class,Design+Build+Develop,,,"Andijan region, Furkat St. (Karatut area)",Website,Russian,https://realting.uz/andijon-city/new-buildings,,"Developer of ЖК Muhtasham Uylar, comfort class | Completed 2024",Listed on realting.uz/immo.uz aggregators; limited independent info available.
No,"OOO Marin Busines Trade (developer of ЖК ""Old City"")",Andijan,Developer,,E. Developers & Project Ecosystem,Retail,,Not determinable,,High,"Elite / premium class (explicitly labeled ""Elite"" by aggregator)",Design+Build+Develop,,,"Andijan City, Abdurauf Fitrat St.",Website,Russian,https://immo.uz/andijanskaya-oblast/novostroyki,,"Developer of ЖК ""Old City"", classified as Elite (premium) class — highest tier found among Andijan residential projects | Completed 2024 | Prices from ~$475/m2","Only Andijan project explicitly classified as ""Elite"" class in the immo.uz taxonomy, making this the strongest premium-positioning developer signal found for the city."
No,MELAGRANA CONSTRUCTIONS MCHJ (developer of ЖК Emir),Andijan,Developer,,E. Developers & Project Ecosystem,Retail,,Not determinable,,High,"Business class, delivered with finishing (""с отделкой"")",Design+Build+Develop,,,Andijan City,Website,Russian,https://uysot.uz/andijan/novostroyki/emir-107,,"Business-class complex, frame-block construction, delivered with finishing | 9 floors, individual heating, security, parking, elevator | Completed 2024","Delivering apartments ""with finishing"" is a notable signal — developer controls interior material specification directly, a strong B2B entry point for premium surface brands."
No,TXT Group (developer of ЖК Sohil Bo'yi Andijon),Andijan,Developer,,E. Developers & Project Ecosystem,Retail,,Not determinable,,Medium,"Comfort class, multi-city developer scale suggests standardized procurement",Design+Build+Develop,,,"Andijan region, Andijan City, Omad St. 691",Website,Russian,https://salomuy.uz/ru/housing-estate/201515,,"Large national developer active in 10+ districts/cities of Uzbekistan | ЖК SOHIL BO'YI ANDIJON is a comfort-class complex, completion Q4 2026 | Positioned as modern, spacious apartments with quality landscaping","TXT Group's multi-region footprint makes it a candidate for a broader national partnership beyond Andijan alone, in addition to this specific project."
No,"Sanderson City (developer/investor, ""Yangi Andijon"" project)",Andijan,Developer,Master-planned satellite city / mixed-use mega-development,E. Developers & Project Ecosystem,Retail,,Not determinable,,High,Large-scale premium mixed-use development — highest single investment figure found for Andijan real estate,Design+Build+Develop,,,"Yangi Andijon (New Andijan), Andijan region",Website,Uzbek,https://www.gazeta.uz/oz/2026/07/26/yangi-andijon/,,"$300M investment agreement with Korea's U&K Global for a residential complex, recreation park and water park in ""Yangi Andijon"" (New Andijan) | Phase 1 ($45M) includes a modern rest park and international-standard water park | Opening targeted for March 2028 (Nowruz)","This is the single largest and most premium real-estate development project identified in Andijan. Headed locally by Bobirbek Sohibov. Given the scale and multi-year build timeline, this is a high-priority strategic contact for future material specification, though the residential component's finishing standard is not yet confirmed."
No,RAYONA 2018,Andijan,Developer,,E. Developers & Project Ecosystem,Retail,,Not determinable,,Medium,Not determinable,Design+Build+Develop,,,"Andijan region, Kushariq",Website,Russian,https://realting.uz/andijon-city/new-buildings,,Developer of ЖК RAYONA 2018 | Price on request,Minimal information available beyond aggregator listing.
No,Hammer LTD,Andijan,Contractor,,D. Contractors / EPC Firms,Retail,,Not determinable,,Medium,"v2.0: inferred from segment positioning (D. Contractors / EPC Firms) — no explicit price signal was found in the original source; treat as a soft default, not a confirmed price point.",Not determinable,,+998 (90) 611-XX-XX,"Andijan region, Andijan, T. Keldiev St. 78",Website,Russian,https://www.goldenpages.uz/en/rubrics/?Id=3901,,Listed as a construction/construction-repair organization in the Golden Pages Andijan directory,"Phone number partially masked by directory (last digits require registered account access). No further detail found; general construction/repair firm, segment tier unconfirmed."
No,Binokor-Komfort LTD,Andijan,Contractor,,D. Contractors / EPC Firms,Retail,,Not determinable,,Medium,"v2.0: inferred from segment positioning (D. Contractors / EPC Firms) — no explicit price signal was found in the original source; treat as a soft default, not a confirmed price point.",Not determinable,,+998 (90) 544-XX-XX,"Andijan region, Andijan, Yuldashev St. 35",Website,Russian,https://www.goldenpages.uz/en/rubrics/?Id=3901,,"""Komfort"" (comfort) branding in company name suggests residential renovation/finishing focus | Listed as construction/construction-repair organization in Andijan",Phone partially masked by directory. Name suggests comfort/finishing-oriented contractor rather than heavy civil works.
No,Premier-Group Stroy LTD,Andijan,Contractor,,D. Contractors / EPC Firms,Retail,,Not determinable,,High,"Name signals premium positioning (""Premier-Group"")",Not determinable,,+998 (93) 571-XX-XX,"Andijan region, Andijan, Mukanna St. 15",Website,Russian,https://www.goldenpages.uz/en/rubrics/?Id=3901,,"""Premier"" branding suggests upscale positioning | Listed as construction/construction-repair organization in Andijan",Phone partially masked by directory. Name is the strongest premium-positioning signal among the Golden Pages contractor listings.
No,Gulshan Savdo Elit LTD,Andijan,Contractor,,D. Contractors / EPC Firms,Retail,,Not determinable,,High,"Name signals premium positioning (""Elit"")",Not determinable,,+998 (91) 610-XX-XX,"Andijan region, Andijan district, Khakan l.g.c.",Website,Russian,https://www.goldenpages.uz/en/rubrics/?Id=3901,,"""Elit"" in company name suggests premium/upscale positioning | Listed as construction/construction-repair organization in Andijan, with posted business hours (09:00-18:00)",Phone partially masked by directory.
No,Andijon Mebel (@mebel_andijan),Andijan,Kitchen,,B. Premium Kitchen & Custom Furniture Studios,Retail,,Not determinable,"Furniture manufacturer/retailer likely operates a physical shop/showroom given 15 years in business, but no address confirmed.",Medium,"v2.0: inferred from segment positioning (B. Premium Kitchen & Custom Furniture Studios) — no explicit price signal was found in the original source; treat as a soft default, not a confirmed price point.",Design+Install+Supply,,+998 88 832 0707,Andijan (exact street address not found),Instagram,Russian/Uzbek,https://www.instagram.com/andijon_mebell_/,,"15 years of experience, 1000+ satisfied customers | Custom-made furniture including kitchens | Delivery across Uzbekistan, Kyrgyzstan, Kazakhstan and Tajikistan","Two related Instagram handles found: @mebel_andijan and @andijon_mebell_ (8,103 followers), plus a Golden Pages listing (""ANDIJON MEBEL"" OOO, Ahmadbekhodji St. 72, Andijan). Likely the same or affiliated business; treated as one entity here."
No,Andijon Mebel Fabrikasi XK,Andijan,Hybrid,"Kitchen & Bath (furniture factory covering kitchen, bathroom, bedroom, living room, office and garden furniture)",D. Contractors / EPC Firms,Retail,,Not determinable,"Operates as a furniture factory (""fabrikasi"") with an e-commerce catalog; likely has a factory outlet/showroom but not confirmed.",Medium,"v2.0: inferred from segment positioning (D. Contractors / EPC Firms) — no explicit price signal was found in the original source; treat as a soft default, not a confirmed price point.",Design+Install+Supply,,+998 93 410 05 51 / +998 91 479 48 42,"Andijan region, Andijan city",Website,Uzbek/Russian,https://anmebelfab.gl.uz/contact/,,"Furniture manufacturer with product lines spanning kitchen, bathroom, bedroom, living room, entryway, office and garden furniture | Operates own e-commerce website with multiple furniture collections","Closest match found to a combined ""Kitchen & Bath"" studio typology in Andijan, since its catalog explicitly spans both kitchen and bathroom furniture lines. No dedicated interior design service confirmed."
No,Sarkor Yuksak Rivoj OOO,Andijan,Kitchen,Custom furniture manufacturing (“изготовление мебели на заказ”),B. Premium Kitchen & Custom Furniture Studios,Retail,,Not determinable,,Medium,"v2.0: inferred from segment positioning (B. Premium Kitchen & Custom Furniture Studios) — no explicit price signal was found in the original source; treat as a soft default, not a confirmed price point.",Design+Install+Supply,syr1212@mail.ru,Partially masked in directory,"Andijan region, Andijan, Sudzhaat St. 38",Website,Russian,https://top.uz/section/mebel/andijan,,Custom furniture manufacturing on request,"Only furniture company with a complete listing (name, address, email) in the Top.uz Andijan furniture directory."
No,Imperial Granite / Andijon Kozimjon Mramorlari,Andijan,Hybrid,"Premium materials showroom + quarrying/processing (natural stone: marble, granite, onyx, travertine, quartzite)",A. Premium Materials & Bath Showrooms,Retail,,Not determinable,"Company operates a stone-cutting/polishing facility (""ANDIJON KOZIMJON MRAMORLARI"") in Andijan city; unclear if it includes a customer-facing showroom or is production-only.",High,"Positions on competitive/best-market pricing rather than premium/import branding — a domestic natural-stone processor, not a premium imported-surfaces retailer",Design+Install+Supply,imperial_granit@mail.ru,+998 99 307 55 55 / +998 97 017 55 55,"Group HQ: Yangiyo'l, Tashkent region; Andijan facility referred to as ""ANDIJON KOZIMJON MRAMORLARI""",Website,Russian/Uzbek,https://imperialgranite.uz,"Natural granite, marble, onyx, travertine, quartzite, agate (own-quarried, not international premium brands)","Vertically integrated: extraction, cutting, polishing and distribution, avoiding middleman markups | 350+ completed projects since 2000, 85 staff | Products: slabs, facade cladding, windowsills, pavers, countertops, stairs, columns","This is the only natural-stone (marble/granite) company found with a confirmed processing facility physically located in Andijan city, via a case study on a web agency's site (oqila.uz) referencing imperialgranite.uz. Group headquarters and likely main showroom are in Tashkent region (Yangiyo'l); the Andijan site appears production/quarry-oriented. A potential competitor/incumbent in the natural stone space rather than a pure premium-import showroom — could also be a channel partner given its cutting/fabrication capability."
No,Arhitektor.uz,Andijan,Architecture Studio,Tashkent-headquartered architecture/design bureau with a completed project in Andijan,C. Boutique Interior Design & Architecture Studios,Retail,,No,"Studio/office model, project-based; no indication of a physical materials showroom.",Medium,Not determinable,Design+Build,,,HQ Tashkent; portfolio includes a private two-story house project in Andijan,Website,Russian,https://arhitektor.uz/,,10 years creating design projects for residential and commercial spaces | Portfolio includes a private two-story house in Andijan | Full architecture + interior design service offering,"IMPORTANT CAVEAT: this bureau is Tashkent-based, not an Andijan-local business — it is included as the best available evidence of professional architecture services being delivered to Andijan clients, since no architecture bureau physically headquartered in Andijan could be confirmed despite extensive multi-language searching (Russian, Uzbek, English) across web, Instagram, Facebook and Telegram. This is flagged as a genuine market gap: Andijan appears to lack a distinct, independently discoverable architecture-studio segment; residential design in the city appears to be handled either by developers' in-house teams, Tashkent-based bureaus taking remote/regional commissions, or informal/freelance designers active mainly on Telegram and Instagram who were not individually identifiable via search."
No,Cross Works Ltd,Tashkent,Architecture Studio,,C. Boutique Interior Design & Architecture Studios,Projects - New Tashkent,"Overall masterplanner and lead consultant for New Tashkent; authored the District 1 Detailed Masterplan (approved June 2024) and oversees a multi-firm consortium (Buro Happold, Gillespies, BuroAtlas, KPMG Uzbekistan and others) delivering the city's digital twin and urban design.",Not determinable,"UK-based design studio (London); no evidence of a physical showroom/exhibition space in Uzbekistan, works through the New Tashkent Directorate.",Medium,"v2.0: inferred from segment positioning (C. Boutique Interior Design & Architecture Studios) — no explicit price signal was found in the original source; treat as a soft default, not a confirmed price point.",Design only,,,"London, United Kingdom (project office linked to New Tashkent Directorate, Tashkent)",Website,English,https://en.wikipedia.org/wiki/New_Tashkent; https://cross-works.com/news/cross-works-new-tashkent-district-1-is-officially-approved; https://newtashkent.uz/ru/our-partners/partners,Not determinable,"Masterplan for a 25,000-hectare, 2.5 million-resident 'twin city' east of Tashkent | District 1 Detailed Masterplan officially approved June 2024 | Leads a multidisciplinary international consortium (engineering, landscape, advisory) for New Tashkent","Led by architect/urban planner Hakan Ceyhan Agca. First phase covers ~6,000 ha (target 2045); District 1 detailed plan covers a subset of that. Project overall targets 2.5M residents on 25,000 ha; government figures cite up to 19,720-20,000 ha total. Officially listed as a partner on newtashkent.uz."
No,Buro Happold,Tashkent,Architecture Studio,Engineering / masterplanning consultancy,C. Boutique Interior Design & Architecture Studios,Projects - New Tashkent,"Engaged by Cross Works to deliver a comprehensive strategic review and engineering input for the New Tashkent Masterplan (infrastructure, sustainability, feasibility).",Not determinable,"International engineering consultancy; no showroom/exhibition space identified, consultancy-only role.",Medium,"v2.0: inferred from segment positioning (C. Boutique Interior Design & Architecture Studios) — no explicit price signal was found in the original source; treat as a soft default, not a confirmed price point.",Design only,,,"International (project delivered remotely / via New Tashkent Directorate, Tashkent)",Website,English,https://www.burohappold.com/projects/new-tashkent-masterplan/; https://newtashkent.uz/ru/our-partners/partners,Not determinable,"First 6,000 hectares of New Tashkent planned for development by 2045 | Delivered strategic review of the masterplan for infrastructure and sustainability | Official partner of the New Tashkent Directorate (quote from Simon Pilkington)","Named consortium member under Cross Works' New Tashkent District 1 masterplan team, alongside Gillespies, KPMG Uzbekistan and BuroAtlas."
No,Gillespies,Tashkent,Architecture Studio,Landscape architecture,C. Boutique Interior Design & Architecture Studios,Projects - New Tashkent,"Landscape architecture and urban design consortium member under Cross Works for the New Tashkent masterplan (parks, green belt, public realm).",Not determinable,UK landscape architecture practice; no exhibition space identified locally.,Medium,"v2.0: inferred from segment positioning (C. Boutique Interior Design & Architecture Studios) — no explicit price signal was found in the original source; treat as a soft default, not a confirmed price point.",Design only,,,"United Kingdom (project office linked to New Tashkent Directorate, Tashkent)",Website,English,https://www.gillespies.co.uk/; https://newtashkent.uz/ru/our-partners/partners; https://www.youtube.com/watch?v=C538LQhQU6Y,Not determinable,"Part of the Cross Works-led consortium for New Tashkent District 1 | Focus on landscape planning: 420-hectare Central Park, green belt, canals/lakes | Officially listed partner of the New Tashkent Directorate","New Tashkent's 'green city' concept includes a 420-hectare Central Park and ~30% of territory reserved for parks/squares, within Gillespies' scope."
No,BuroAtlas,Tashkent,Architecture Studio,,C. Boutique Interior Design & Architecture Studios,Projects - New Tashkent,Architecture/urban design partner within the Cross Works-led consortium for New Tashkent; founder quoted directly by the official Directorate as a project partner.,Not determinable,No showroom/exhibition space identified; design consultancy.,Medium,"v2.0: inferred from segment positioning (C. Boutique Interior Design & Architecture Studios) — no explicit price signal was found in the original source; treat as a soft default, not a confirmed price point.",Design only,,,Not determinable,Website,Russian/Uzbek,https://www.buroatlas.pro/; https://newtashkent.uz/ru/our-partners/partners,Not determinable,"New Tashkent described as 'a model of a new purpose-built city environment' combining top global practices | Emphasis on modern masterplanning, ecological approaches and technology | Officially listed partner of the New Tashkent Directorate",Founder/CEO Aleksandra Sitnikova quoted on newtashkent.uz partners page endorsing the project.
No,Meinhardt Group,Tashkent,Architecture Studio,Engineering & investment consultancy,C. Boutique Interior Design & Architecture Studios,Projects - New Tashkent,"Engaged (2023 agreement, ~$1B) to help design the general masterplan of Phase 1 of the New Tashkent smart city and establish a joint design/engineering center with Uzbekistan; later listed as an official Directorate partner.",Not determinable,Singapore-headquartered engineering/investment firm; no local showroom identified.,Medium,"v2.0: inferred from segment positioning (C. Boutique Interior Design & Architecture Studios) — no explicit price signal was found in the original source; treat as a soft default, not a confirmed price point.",Design only,,,"Singapore (regional engagement via New Tashkent Directorate, Tashkent)",Website,Russian,https://www.gazeta.uz/ru/2023/01/19/new-tashkent/; https://newtashkent.uz/ru/our-partners/partners,Not determinable,Signed ~$1B agreement to design Phase 1 masterplan of the 'smart city' New Tashkent | Joint Uzbekistan-Singapore design and engineering center announced | Executive director Omar Shahzad quoted as official Directorate partner,"510+ large infrastructure/industrial projects worldwide per company profile; ~5,000 employees. Agreement covered masterplan concept (Apr-May 2023) and detailed planning (Jul-Oct 2023) for Phase 1."
No,Zaha Hadid Architects,Tashkent,Architecture Studio,,C. Boutique Interior Design & Architecture Studios,Projects - New Tashkent,"Designing the Alisher Navoi International Scientific Research Centre in New Tashkent's cultural quarter (museum, auditorium, research center, residential school for 200 students), a landmark cultural building within the masterplan.",Not determinable,Global architecture firm; no local Tashkent showroom identified; design office only.,Medium,"v2.0: inferred from segment positioning (C. Boutique Interior Design & Architecture Studios) — no explicit price signal was found in the original source; treat as a soft default, not a confirmed price point.",Design only,,,"London, United Kingdom",Website,English,https://www.zha.com/projects/architecture/alisher-navoi-international-scientific-research-centre; https://newtashkent.uz/ru/our-partners/partners,Sculptural brickwork facade (per project description),"Anchors the new cultural quarter within the 25,000-hectare New Tashkent masterplan | 23,000-29,000 sqm complex: Navoi State Museum of Literature, 400-seat auditorium, research center, school for 200 students | Officially listed partner of the New Tashkent Directorate (quote from director Paolo Matteuzzi)","One of the flagship 'signature' cultural buildings of New Tashkent's first phase; site area cited variably as 23,000 sqm or 29,000 sqm across sources."
No,Dome+Partners,Tashkent,Architecture Studio,,C. Boutique Interior Design & Architecture Studios,Projects - New Tashkent,"Officially listed partner of the New Tashkent Directorate; Istanbul-based firm with offices in Uzbekistan and Kazakhstan, previously delivered an 80,000 sqm mixed-use project (residential/commercial/office) for a private investor in Tashkent.",Not determinable,"Has a local Uzbekistan office per its own description, but no confirmed public showroom.",Medium,"v2.0: inferred from segment positioning (C. Boutique Interior Design & Architecture Studios) — no explicit price signal was found in the original source; treat as a soft default, not a confirmed price point.",Design only,,,"Istanbul, Turkey (offices also in Uzbekistan and Kazakhstan)",Website,Uzbek,https://newtashkent.uz/ru/our-partners/partners; https://dome.ws/; https://www.instagram.com/p/ChJxh4-tZxg/,Not determinable,"20+ year track record of 'inspiring, innovative' architecture across Turkey/Central Asia | Officially listed as a partner ('Hamkor') of the New Tashkent Directorate | Prior 80,000 sqm mixed-use project for a private investor in Tashkent",Specific building assignment within New Tashkent not publicly confirmed beyond official partner listing; included due to explicit Directorate partnership.
No,Kentsel Strateji (Ali Faruk Göksü),Tashkent,Architecture Studio,Urban planning / strategy consultancy,C. Boutique Interior Design & Architecture Studios,Projects - New Tashkent,Urban strategy partner of the New Tashkent Directorate; founder Ali Faruk Göksü quoted on positioning New Tashkent within a 'Urban Renaissance' movement harmonizing old and new Tashkent.,Not determinable,Turkish urban-strategy consultancy; no showroom/exhibition identified.,Medium,"v2.0: inferred from segment positioning (C. Boutique Interior Design & Architecture Studios) — no explicit price signal was found in the original source; treat as a soft default, not a confirmed price point.",Design only,,,Turkey,Website,Uzbek,https://newtashkent.uz/ru/our-partners/partners; https://kentselstrateji.com/en/projects/,Not determinable,New Tashkent framed as symbol of the 'Urban Renaissance' movement | Advocates ecologically smart design and new-generation economy for the project | Officially listed partner of the New Tashkent Directorate,Founding partner role; specific deliverable(s) within New Tashkent not itemized in sources found.
No,GAD Architecture,Tashkent,Architecture Studio,,C. Boutique Interior Design & Architecture Studios,Projects - New Tashkent,"Authored a 'New Tashkent City' masterplan proposal/vision (published 2024) addressing infrastructure, sustainability, mixed-use zoning and heritage preservation for the same New Tashkent territory; not confirmed as the officially adopted plan (Cross Works holds the approved District 1 masterplan).",Not determinable,Turkish architecture firm; no exhibition/showroom space identified for this project.,Medium,"v2.0: inferred from segment positioning (C. Boutique Interior Design & Architecture Studios) — no explicit price signal was found in the original source; treat as a soft default, not a confirmed price point.",Design only,,,"Istanbul, Turkey",Website,English,https://archello.com/project/new-tashkent-city; https://archello.com/brand/gad-architecture,Not determinable,"Masterplan vision for 'a new phase in the development of Tashkent' | Emphasis on sustainable development, green corridors, affordable housing | Double-skin facade strategy proposed for high-rise buildings",Not listed among the official newtashkent.uz partners; likely an early competing/alternate masterplan proposal rather than the adopted plan. Included due to explicit direct authorship of a 'New Tashkent City' masterplan.
No,Benoy,Tashkent,Architecture Studio,Masterplanning / landscape architecture,C. Boutique Interior Design & Architecture Studios,Projects - New Tashkent,"Produced an early 1:25,000 pre-concept masterplan ('Tashkent New City') for the 20,000-hectare New Tashkent site, approved at a high level by the President and Mayor of Tashkent, ahead of the later Cross Works-led detailed masterplan.",Not determinable,Global masterplanning firm (Dubai/London/Shanghai/Singapore offices); no exhibition space identified for this project.,Medium,"v2.0: inferred from segment positioning (C. Boutique Interior Design & Architecture Studios) — no explicit price signal was found in the original source; treat as a soft default, not a confirmed price point.",Design only,marketing@benoy.com,,"Dubai, UAE (regional office) / London, Nottinghamshire, Mumbai, Shanghai, Singapore",Website,English,https://www.benoy.com/projects/tashkent-new-city/,Not determinable,"Vision for a 'new twin capital' east of Tashkent between the Chirchiq and Karasu rivers | First phase includes Airport City, Trade District, CBD and 300-hectare Administrative District | Masterplan approved by the President of Uzbekistan and Mayor of Tashkent at high level","Described project scale as 200,000,000 sqm on 20,000 hectares. Appears to be an earlier pre-concept stage, later superseded/complemented by Cross Works' more detailed District 1 masterplan."
Yes,AL-BINA Development,Tashkent,Developer,,E. Developers & Project Ecosystem,Projects - New Tashkent,"Developer / strategic partner (sales, marketing, positioning) for Crystal Avenue, a premium/business-class residential complex in New Tashkent District 1, in partnership with UET Construction and IMAN Holding; also partners with BI Group and NRG on other Tashkent-area projects.",Yes,"Central sales office ('Центральный офис продаж AL-BINA') at ЖК U-Tower, Tashkent, plus a dedicated Crystal Avenue sales office in New Tashkent.",High,Premium / business-class positioning (no published price list found),Design+Build+Develop,,+998 71 205 10 68,"Central sales office: ЖК U-Tower, Tashkent; project sales office: Crystal Avenue, New Tashkent",Instagram,Russian,https://www.instagram.com/al_bina.uz/; https://www.gazeta.uz/ru/2025/12/01/crystal-avenue/; https://crystal-avenue.uz/,Not determinable,Crystal Avenue positioned as 'the main avenue of the new capital' / 'smart luxury' | Strategic partnership with IMAN Holding announced for flexible payment/investment products | Sales for Crystal Avenue launched 6 December 2025,"Crystal Avenue located in District 1, New Tashkent's key growth cluster; described as AL-BINA's/UET's first business-class project in New Tashkent. AL-BINA's wider Tashkent portfolio (Maftun Makon, Flagman, 4U Tashkent with NRG-BI) appears located in a separate 'New Uzbekistan' district near Yashnabad/Olympic town, not confirmed as part of New Tashkent."
Yes,UET Construction,Tashkent,Hybrid,Contractor + Developer (EPC/construction company acting as co-developer),E. Developers & Project Ecosystem,Projects - New Tashkent,"General contractor and project originator for Crystal Avenue, a premium residential complex in New Tashkent District 1, in partnership with AL-BINA Development (sales/marketing) and IMAN Holding.",Yes,Shares the Crystal Avenue project sales office in New Tashkent with AL-BINA; formal project presentation event held on-site at the New Tashkent Directorate (29 Nov 2025).,Medium,Not determinable,Design+Build+Develop,info@uetconstruction.com,+998 77 443 00 33 / +998 55 519 06 06,"HQ: Tashkent, Yakkasaray district, Abdulla Kahhara St 17; Crystal Avenue sales office, New Tashkent District 1",Multiple,English,https://uetconstruction.com/en/uet-construction-predstavila-proekt-crystal-avenue-premialnyj-zhiloj-kompleks-v-novom-tashkente/; https://www.linkedin.com/posts/uet-construction_uet-construction-is-proud-to-announce-the-activity-7401554215828885505-0ncq,Not determinable,Officially entered residential/commercial real estate with Crystal Avenue as its flagship project | Self-describes as a fast-growing engineering & construction (EPC) company | Crystal Avenue unveiled as 'a premium residential complex in New Tashkent',"Company site (uetconstruction.com) frames itself around 'Integrated EPC solutions for energy and...' sectors, with Crystal Avenue as its entry into residential development in New Tashkent. | v2.0 update: HQ contact confirmed via uetconstruction.com (ISO 14001/45001/9001 certified; owns Chirchik Metal Structures Plant production asset)."
No,BI Group,Tashkent,Hybrid,"Developer + Contractor (integrated development, engineering, construction group)",E. Developers & Project Ecosystem,Projects - New Tashkent,"Began construction of the 'Ostona' residential district (launched under this name Nov 2025) directly within New Tashkent; first phase covers a 10-hectare site valued at ~$200M, with roughly 3,000 apartments planned. Also active in Tashkent more broadly (NRG-BI joint brand, Botanika Saroyi, Oybek).",Not determinable,Large regional developer with sales offices across Tashkent (via NRG-BI brand); no showroom specifically confirmed for the New Tashkent 'Astana' site yet (early construction phase).,Medium,Not determinable,Design+Build+Develop,,,"Tashkent, Uzbekistan (regional HQ: Astana, Kazakhstan)",Website,English,https://bi.group/en/news/bi-group-nachinaet-stroitelstvo-kvartala-astana-v-novom-tashkente; https://www.linkedin.com/posts/farkhodjon-israilov-66b363151_bi-group-expands-in-uzbekistan-new-deal-activity-7396222675246895104-yD59,Not determinable,"'BI Group Begins Construction of the Astana District in New Tashkent' | First phase: 10-hectare site, project value ~$200 million | Self-described as the '#1 Developer in Central Asia'","~3,000 apartments planned for the 'Astana' district in New Tashkent per YouTube coverage of the construction launch. Distinct from BI Group/NRG's Maftun Makon and Flagman projects, which appear to sit in a separate area near the Olympic town/New Uzbekistan district, not confirmed as New Tashkent. | v2.0 update: project confirmed under the name ""Ostona"" at its official Nov 2025 launch (spot.uz), majority shareholder/chairman Oydin Rahimboyev, refined figures: 3,162 apartments, 10.5 ha phase 1, $200M investment, construction started Nov 2025. (Earlier working name ""Astana district"" in original scrape appears to be the same project.)"
No,Sharq Bahori,Tashkent,Developer,,E. Developers & Project Ecosystem,Projects - New Tashkent,"Developer of the 'Sharq Bahori' smart-home residential project (two phases: Sharq Bahori 1 and 2) located directly within New Tashkent; professional building management to be handled by the New Tashkent Construction Directorate itself, and the project is featured with its own logo in the Directorate's official site header.",Not determinable,"Has a 'sale office' in New Tashkent per its website contact section, but no explicit showroom/model-apartment confirmed in sources reviewed.",Medium,Not determinable (no published price list),Design+Build+Develop,info@sharqbahoriuylari.com,+998 55 901 2222,"Sale office, New Tashkent, Uzbekistan",Website,English,https://sharqbahoriuylari.com/; https://newtashkent.uz/ru/about/about-district/information-about-district,Laminate parquet; ceramic finishes; German-standard windows and joinery; triple-layer XPS insulation,"'The future lives here' - modern & smart residences in New Tashkent | Positioned as a '15-minute city' within New Tashkent, 100m from a metro station | Smart home system (Zigbee protocol), face-ID entry, license-plate recognition parking","Community amenities listed relative to New Tashkent landmarks: Ministry buildings 700m, National Library 1.5km, New Business District 3km, New Tashkent Airport 8.4km. Featured prominently (own logo) in the header of the official newtashkent.uz Directorate website, suggesting a flagship/showcase status."
No,Studia 54,Tashkent,Interior Designer,,C. Boutique Interior Design & Architecture Studios,Projects - New Tashkent,"Interior design bureau (Russia/Dubai-based) contracted for the interior of a premium residential complex in New Tashkent, including lobby, lounge areas and resident common spaces styled after high-end international hotels.",Not determinable,"No physical showroom in Uzbekistan; studio operates from Saint Petersburg (Russia) with a Dubai (UAE) representative office; the specific New Tashkent portfolio page was unavailable (404) at time of research, project confirmed via the studio's own social post.",High,Premium/luxury positioning,Design only,welcome@studia-54.com,+7 (931) 270 54 54 (Russia); +971 (58) 562-45-54 (Dubai),"191014, Saint Petersburg, Novgorodskaya 23A, office 340, Russia; DMCC, Dubai, UAE (representative office)",Multiple,Russian,https://vk.com/wall-107858900_3721; https://studia-54.com/,"Not determinable (project page unavailable); described generically as 'natural materials, custom lighting installations, collectible furniture'","'New Tashkent you haven't seen yet' - interior of a premium residential complex in New Tashkent | Concept built around the atmosphere of the world's best hotels | Special focus on lobby, lounge zones and resident meeting spaces, not just individual apartments","Which specific New Tashkent residential complex this interior belongs to (e.g. Crystal Avenue or another) was not confirmed - the studio's dedicated project page returned a 404 error; relationship to New Tashkent established via the firm's own VK announcement post dated 22 June (year not specified in scrape) with URL slug 'interer-premialnogo-zhilogo-kompleksa-v-novom-tashkente-uzbekistan' (interior of a premium residential complex in New Tashkent, Uzbekistan)."
Yes,Wallmann,Tashkent,Kitchen,,F. Value/Mid Kitchen & Custom Furniture Manufacturers,Retail,,No determinable,"Online catalog with named kitchen collections (Brest, Memfis, Arkadiya, Gradislava, Dianta, Grado, Kale, Medina); no address found in scraped content, manages sales via Telegram manager (403-blocked direct WebFetch, obtained via Firecrawl scrape).",Medium,"Flat rate across all named collections: 4,400,000 сум per linear meter, no premium-tier differentiation visible.",Design+Install+Supply,,+998 97 402 55 48 / +998 97 402 55 49,Tashkent (exact showroom address not confirmed in scrape),Website,Russian,https://wallmann.uz/kuhni,Not specified beyond model names,Wide named-collection catalog; installment plan (рассрочка) offered; warranty badge on every product,"Also sells bedroom sets, sofas, wardrobes, office furniture. Found via WebSearch ""кухни на заказ Ташкент""."
Yes,SMebel (Smebel.uz),Tashkent,Kitchen,,F. Value/Mid Kitchen & Custom Furniture Manufacturers,Retail,,Yes,"Published address with map link and business hours (Mon-Sat 10:00-19:00), Yashnabad District, near Parkent Market.",Low,"From 3,500,000 сум/linear meter; furniture range 1.2M-18M сум; LMDF/LDSP materials (budget-standard).",Design+Install+Supply,,+998 99 316 22 66,"Tashkent, Yashnabad District, M. Riziyi massif 31, apt 2",Website,Russian,https://smebel.uz/kuhni,"LMDF, LDSP, acrylic","""Кухни на заказ от производителя""; 7-20 day production","Also IG @smebel.uz, TG @Smebeluz."
No,Best Mebel,Tashkent,Kitchen,,F. Value/Mid Kitchen & Custom Furniture Manufacturers,Retail,,Yes,"Physical address given (Yashnobodskyy district, Mukhtar Ashrafiy 110, near rail crossing).",Low,"Explicit positioning: ""minimum prices in Tashkent""; from 3,500,001 сум/linear meter.",Design+Install+Supply,,+998 99 402 06 84 / +998 93 519 66 88,"Tashkent, Yashnobodskyy district, Mukhtar Ashrafiy St 110",Website,Russian,https://bestmebel.uz/category/kuxni,"Acrylic, MDF, LDSP","Shortest manufacturing times; free delivery/install; 34+ models, incl. studio-kitchen line","Also has a dedicated ""kitchens for studio apartments"" line (bestmebel.uz/category/kuhni-dlya-studii) - relevant given compact New Tashkent apartment formats."
No,Perfect Mebel,Tashkent,Kitchen,,F. Value/Mid Kitchen & Custom Furniture Manufacturers,Retail,,Yes,Free specialist home-visit/measurement service implies real operating base; no street address in scrape.,Medium,"4,000,000-4,500,000 сум per linear meter.",Design+Install+Supply,,+998 97 781 11 81 / +998 94 666 66 25,Tashkent (exact address not confirmed),Website,Russian,https://perfectmebel.uz/kuhnya,"LMDF, acrylic, soft-close hardware","""Идеальная мебель в вашем доме""; free design consultation",
Yes,YU Mebel,Tashkent,Kitchen,,B. Premium Kitchen & Custom Furniture Studios,Retail,,Yes,"Address given: Yunusabad District, Chinabad St 51.",High,"Self-described ""premium-class designer furniture factory""; European suppliers (Turkey/Austria/Germany/France/Russia); 5-year warranty.",Design+Install+Supply,,+998 98 333-66-63 / +998 93 395-66-63,"Tashkent, Yunusabad District, Chinabad St 51",Website,Russian,http://yumebel.uz/kuhni-na-zakaz-v-tashkente/,"MDF, LMDF, LDSP, veneer, Schneider Electric lighting",15 years experience; 85% of customers choose us; free measurement/delivery/install,"TG @yu_mebel1, @yu_mebel_channel, IG @yu_mebel."
Yes,FullHouse,Tashkent,Kitchen,,B. Premium Kitchen & Custom Furniture Studios,Retail,,Yes,"Showroom inside Arca Shopping Center, Makhtumkuli St 75, floor -1.",Medium,"Wide range 5,850,000-55,991,000 сум (~$450-$4,300); premium tier via stone countertop/veneer upsell.",Design+Install+Supply,info@fullhouse.uz,+998 97 716-79-09,"Tashkent, Makhtumkuli St 75, Arca Shopping Center, floor -1",Website,Russian,https://fullhouse.uz/mebel-dlya-kukhni-na-zakaz-v-tashkente,"Egger (Germany) boards, GTV (Poland)/Blum (Austria) hardware, stone countertops",1000+ cabinets produced; built-in solutions for small spaces,"Shopping-center location = high foot traffic showroom, good candidate for material display."
No,Lamebel,Tashkent,Kitchen,,B. Premium Kitchen & Custom Furniture Studios,Retail,,Yes,"Showroom inside Atrium Shopping Center, near Ashkhabad Park / Tashselmash intersection; daily hours 10:00-20:00.",Medium,"6.3M-9.5M сум (~$500-750); claims ""expensive raw materials"".",Design+Install+Supply,info@lamebel.uz,+998 90 011 31 00,"Tashkent, Atrium Shopping Center",Website,Russian,https://lamebel.uz/category/kuhni/,"Not specified (proprietary model names: Mayen, Limoges, Monaco)",Free designer visit; also sofas/bedroom/living/office lines,"TG @lamebeluz, IG @lamebel_uz, FB lamebel.tashkent."
No,Vashamebel,Tashkent,Kitchen,,F. Value/Mid Kitchen & Custom Furniture Manufacturers,Retail,,Yes,"Address given: Yashnobod District, Military Town 58, 114a; free measurement visits implied showroom base.",Low,"From 1,800,000 сум/linear meter - lowest entry price of all Tashkent kitchen studios found this pass.",Design+Install+Supply,info@mebel.com,+998 93 517-32-12,"Tashkent, Yashnobod District, Military Town 58, 114a",Website,Russian,https://vashamebel.uz/kuhni,"MDF/LMDF, acrylic, veneer, painted surfaces","""European quality"", 18-month guarantee, discounts for new homeowners",
No,Keng Makon,Tashkent,Kitchen,,F. Value/Mid Kitchen & Custom Furniture Manufacturers,Retail,,No determinable,No address or showroom language found in scrape; nationwide delivery emphasized instead.,Medium,"""Furniture for any taste and budget"" - generic positioning, no price figures published.",Design+Install+Supply,info@kengmakon.uz,+998 98 300 3676,Not determinable,Website,Russian,https://kengmakon.uz/catalog/kukhonnaya-mebel,Not determinable,International certification claimed; nationwide delivery and install,
No,ALLDECOR,Tashkent,Kitchen,LDSP/laminated-board furniture manufacturer (wholesale/OEM profile),F. Value/Mid Kitchen & Custom Furniture Manufacturers,Retail,,No determinable,"GoldenPages directory listing (manufacturer address only, no showroom language).",Low,Directory-listed as laminated-board (budget-material) manufacturer.,Manufacture+Supply,,+998 99 814-XX-XX (directory-truncated),"Tashkent, Chilanzar district, Khosilot St 18",Directory (GoldenPages),Russian,https://www.goldenpages.uz/en/rubrics/?Id=3995,LDSP (laminated chipboard),"Directory-only listing, no independent marketing content found",Business-hours 09:00-18:00 per directory.
No,Davr Jihozi,Tashkent,Kitchen,LDSP/MDF furniture manufacturer (wholesale/OEM profile),F. Value/Mid Kitchen & Custom Furniture Manufacturers,Retail,,No determinable,GoldenPages directory listing only.,Low,Directory-listed as laminated-board/MDF (budget-standard material) manufacturer.,Manufacture+Supply,,+998 90 322-XX-XX (directory-truncated),"Tashkent, Uchtepa district, 1st Zarafshan pass. 34",Directory (GoldenPages),Russian,https://www.goldenpages.uz/en/rubrics/?Id=3995,"LDSP, MDF",Directory-only listing,Business-hours 09:00-17:00 per directory.
No,Korleone,Tashkent,Kitchen,"LDSP furniture manufacturer, customization service (wholesale/OEM profile)",F. Value/Mid Kitchen & Custom Furniture Manufacturers,Retail,,No determinable,GoldenPages directory listing only.,Low,Directory-listed as laminated-board manufacturer with customization service.,Manufacture+Supply,,+998 98 314-XX-XX (directory-truncated),"Tashkent, Yunusabad district, Chinabad St 49",Directory (GoldenPages),Russian,https://www.goldenpages.uz/en/rubrics/?Id=3995,LDSP,Directory-only listing,Business-hours 09:00-19:00 (lunch 13:00-14:00) per directory. Same street (Chinabad) as YU Mebel - Yunusabad furniture-manufacturing cluster.
No,Territory Tree,Tashkent,Kitchen,"LDSP furniture manufacturer, customization service (wholesale/OEM profile)",F. Value/Mid Kitchen & Custom Furniture Manufacturers,Retail,,No determinable,GoldenPages directory listing only.,Low,Directory-listed as laminated-board manufacturer.,Manufacture+Supply,,+998 99 816-XX-XX (directory-truncated),"Tashkent, Yashnabad district, Parkent St 327",Directory (GoldenPages),Russian,https://www.goldenpages.uz/en/rubrics/?Id=3995,LDSP,Directory-only listing,Business-hours 09:00-18:00 (lunch 12:00-13:00).
No,Xayratiy Biznes,Tashkent,Kitchen,LDSP furniture manufacturer (wholesale/OEM profile),F. Value/Mid Kitchen & Custom Furniture Manufacturers,Retail,,No determinable,GoldenPages directory listing only.,Low,Directory-listed as laminated-board manufacturer.,Manufacture+Supply,,+998 93 398-XX-XX (directory-truncated),"Tashkent, Uchtepa district, Izza St 2",Directory (GoldenPages),Russian,https://www.goldenpages.uz/en/rubrics/?Id=3995,LDSP,Directory-only listing,Business-hours 08:00-17:00.
Yes,Premium Concept,Tashkent,Kitchen & Bath,"Premium tile, sanitary ware, Italian furniture and bath-accessories showroom (""ЧП QURILISH SAVDO GROUP"")",A. Premium Materials & Bath Showrooms,Retail,,Yes,"Explicitly described as ""единственный своего рода шоу-рум"" (a one-of-a-kind showroom), operating since 2008, at ul. Usta Shirin 136, Tashkent.",High,"Self-positioned ""№1 в сегменте премиум в Узбекистане"" (No.1 in the premium segment in Uzbekistan); official distributor of 50+ high-end European brands.",Design+Install+Supply,info@concept.uz,+998 71 256 29 03,"Tashkent, ul. Usta Shirin 136",Website,Russian,https://concept.uz,"Grohe, Porcelanosa, Laufen, Vibia, NEOLITH (direct sintered-stone competitor to Dekton), 50+ European brands","""Только лучшее для вашего дома""; official multi-brand premium distributor since 2008",HIGH-PRIORITY CANDIDATE: already distributes Neolith (Cosentino's direct sintered-stone competitor) at premium positioning - strong evidence of prescriber capability and category fit; a natural target for a Dekton/Silestone counter-offer or co-exhibition slot.
Yes,Kale Gallery,Tashkent,Kitchen & Bath,Multi-brand plumbing/bathroom fixtures showroom,A. Premium Materials & Bath Showrooms,Retail,,Yes,"""Весь ассортимент доступен в нашем магазине"" - full assortment on display in-store; explicitly courts designers/contractors with trade offers.",Medium,Multi-brand plumbing retailer targeting designers/contractors with trade pricing; positioning not explicitly ultra-luxury.,Supply only,,+998 99 860-60-60,Tashkent (exact street address not shown on page),Website,Russian,https://kale.uz/en,"Sanitary ware, faucets, bathtubs, shower solutions, bathroom furniture, tiles",Multi-brand plumbing store; special offers for designers and contractors; new collections via Telegram,"Trade-channel focus (designers/contractors) makes this a good B2B prescription target, not just walk-in retail."
No,Emerich,Tashkent,Kitchen & Bath,Plumbing/bathroom fixtures showroom,A. Premium Materials & Bath Showrooms,Retail,,Yes,"Confirmed showroom at Almazar District, Nurafshon Ring Road 50, near Rivera Mall; site explicitly invites customers to visit and inspect material quality in person.",High,"Self-described ""ПРЕМИАЛЬНАЯ САНТЕХНИКА"" (Premium Plumbing) brand, positioned since 2022.",Supply only,,+998 55 055 51 55,"Tashkent, Almazar District, Nurafshon Ring Road 50 (near Rivera Mall)",Website,Russian,https://emerich.uz/ru/shourum,"Suspended/floor toilets, bidets, sinks, mixers, shower systems, bathroom furniture (China-manufactured)","""Premium sanitary ware brand since 2022""; invites in-person inspection of material quality","IG @emerich.uz, TG @emerichuz, YouTube @emerich_uz."
No,Etalon-Remont,Tashkent,Interior Designer,Budget technical-design and turnkey renovation service (no-prepayment model),G. Budget/Turnkey Renovation & Interior Design,Retail,,No determinable,No showroom mentioned; positions itself as working at contractor-crew prices without a design-studio storefront.,Low,"Explicit positioning: renovation ""по ценам частных бригад"" (at private-crew prices) and ""без предоплаты"" (no prepayment); technical design project without interior 3D visuals, from 30 sqm objects.",Design+Build,,,Tashkent and up to 50km outside,Website,Russian,https://tashkent.etalon-remont.com/,Not determinable,"""Ремонт квартиры под ключ без гемора и без предоплаты по ценам частных бригад""","Budget-tier turnkey renovation operator - relevant as a volume-driven, price-agressive entry channel."
No,Afrosiab Mebel OOO,Samarkand,Kitchen,"Custom furniture manufacturer, also roller shutters and wooden doors",F. Value/Mid Kitchen & Custom Furniture Manufacturers,Retail,,No determinable,"Directory listing (top.uz) with address/email only, no showroom language.",Low,"Directory-listed manufacturer, no price signal beyond product category (roller shutters/doors = building-trade profile).",Manufacture+Supply,akbarsirojov@umail.com,Directory contact only (phone hidden),"Samarkand, ul. Uzbektrakt 10",Directory (top.uz),Russian,https://top.uz/section/mebel-na-zakaz/samarkand,Not determinable,Directory-only listing,
No,Ards Lux OOO,Samarkand,Kitchen,Custom furniture manufacturer,F. Value/Mid Kitchen & Custom Furniture Manufacturers,Retail,,No determinable,Directory listing (top.uz) with address/email only.,Low,"Directory-listed manufacturer, no independent price signal found.",Manufacture+Supply,ards-lux@mail.ru,Directory contact only (phone hidden),"Samarkand, ul. Atakhodzhayeva 61, 140129",Directory (top.uz),Russian,https://top.uz/section/mebel-na-zakaz/samarkand,Not determinable,Directory-only listing,
No,Gold Brend Mebel OOO,Samarkand,Kitchen,Custom furniture manufacturer,F. Value/Mid Kitchen & Custom Furniture Manufacturers,Retail,,No determinable,Directory listing (top.uz); own domain (goldbrendmebel.uz) returned DNS error at time of research.,Low,"Directory-listed manufacturer, no independent price signal found.",Manufacture+Supply,gold_brend_mebel@mail.ru,Directory contact only (phone hidden),"Samarkand, ul. Nabiyeva 8, office 4, 140100",Directory (top.uz),Russian,https://top.uz/section/mebel-na-zakaz/samarkand,Not determinable,Directory-only listing,Own website unreachable (DNS error) - verify before outreach.
No,Motrit Mebel OOO,Samarkand,Kitchen,Custom furniture manufacturer,F. Value/Mid Kitchen & Custom Furniture Manufacturers,Retail,,No determinable,"Directory listing (top.uz), address only.",Low,"Directory-listed manufacturer, no independent price signal found.",Manufacture+Supply,,Directory contact only (phone hidden),"Samarkand, ul. Marifat 63",Directory (top.uz),Russian,https://top.uz/section/mebel-na-zakaz/samarkand,Not determinable,Directory-only listing,
No,Osiyo Mebel TM,Samarkand,Kitchen,"Custom furniture manufacturer, also wooden doors",F. Value/Mid Kitchen & Custom Furniture Manufacturers,Retail,,No determinable,Directory listing (top.uz) with address/email only.,Low,"Directory-listed manufacturer, no independent price signal found.",Manufacture+Supply,osiyo-mebel@mail.ru,Directory contact only (phone hidden),"Samarkand, ul. Amirshokha Muroda 1, 140032",Directory (top.uz),Russian,https://top.uz/section/mebel-na-zakaz/samarkand,Not determinable,Directory-only listing,
No,Shamsi Kamar TPF,Samarkand,Kitchen,"Custom furniture manufacturer, also roller shutters",F. Value/Mid Kitchen & Custom Furniture Manufacturers,Retail,,No determinable,"Directory listing (top.uz), located in Kattakurgan (Samarkand region), address/email only.",Low,"Directory-listed manufacturer, no independent price signal found.",Manufacture+Supply,kolya20@bk.ru,Directory contact only (phone hidden),"Kattakurgan, Samarkand Region, ul. O. Ortikova 1V",Directory (top.uz),Russian,https://top.uz/section/mebel-na-zakaz/samarkand,Not determinable,Directory-only listing,"Located in Kattakurgan district, not Samarkand city proper - included as regional coverage."
No,Basna Mebel OOO,Namangan,Kitchen,Custom furniture manufacturer,F. Value/Mid Kitchen & Custom Furniture Manufacturers,Retail,,No determinable,GoldenPages directory listing; hours 08:00-18:00 shown but no showroom language.,Low,"Directory-listed manufacturer, no independent price signal found.",Manufacture+Supply,,+998 93 672-XX-XX (directory-truncated),"Namangan, ul. Kasansayskaya",Directory (GoldenPages),Russian,https://www.goldenpages.uz/en/rubrics/?Id=3581,Not determinable,Directory-only listing,
No,E'tirof Sanoat Servis,Namangan,Kitchen,Furniture manufacturer,F. Value/Mid Kitchen & Custom Furniture Manufacturers,Retail,,No determinable,GoldenPages directory listing only.,Low,"Directory-listed manufacturer, no independent price signal found.",Manufacture+Supply,,+998 91 359-XX-XX (directory-truncated),"Namangan, ul. Bulakbashi 8",Directory (GoldenPages),Russian,https://www.goldenpages.uz/en/rubrics/?Id=3581,Not determinable,Directory-only listing,
No,Humo Dizayn Servis,Namangan,Kitchen,Furniture manufacturer,F. Value/Mid Kitchen & Custom Furniture Manufacturers,Retail,,No determinable,GoldenPages directory listing only.,Low,"Directory-listed manufacturer, no independent price signal found.",Manufacture+Supply,,+998 99 432-XX-XX (directory-truncated),"Namangan district, Bogishamol l.g.c",Directory (GoldenPages),Russian,https://www.goldenpages.uz/en/rubrics/?Id=3581,Not determinable,"""Design"" in company name (Dizayn Servis) suggests design-consultation add-on vs. pure manufacturing peers",
No,Madina Muhammad Mebel,Namangan,Kitchen,Furniture manufacturer (family company),F. Value/Mid Kitchen & Custom Furniture Manufacturers,Retail,,No determinable,GoldenPages directory listing only.,Low,"Directory-listed manufacturer, no independent price signal found.",Manufacture+Supply,,+998 90 275-XX-XX (directory-truncated),"Namangan, ul. Beshkapa 1",Directory (GoldenPages),Russian,https://www.goldenpages.uz/en/rubrics/?Id=3581,Not determinable,Directory-only listing,
No,Mirshohid Savdo Sanoat Servis,Namangan,Kitchen,"Furniture manufacturer - living room/bedroom furniture, customization service",F. Value/Mid Kitchen & Custom Furniture Manufacturers,Retail,,No determinable,GoldenPages directory listing; extended hours 08:00-20:00 suggest a retail-facing operation.,Low,"Directory-listed manufacturer, no independent price signal found.",Manufacture+Supply,,+998 97 760-XX-XX (directory-truncated),"Namangan, ul. Uychinskaya 221",Directory (GoldenPages),Russian,https://www.goldenpages.uz/en/rubrics/?Id=3581,Not determinable,Directory-only listing,"Already appeared as ""Миршохид Савдо Саноат Сервис"" in top.uz general-furniture scrape for Namangan - cross-confirmed by two independent directories."
No,Namangan Ta'mirlash va Butlash,Namangan,Kitchen,Furniture manufacturer/exporter,F. Value/Mid Kitchen & Custom Furniture Manufacturers,Retail,,No determinable,GoldenPages directory listing only.,Low,"Directory-listed manufacturer/exporter, no independent price signal found.",Manufacture+Supply,,+998 90 555-XX-XX (directory-truncated),"Namangan, ul. Kasansay 25",Directory (GoldenPages),Russian,https://www.goldenpages.uz/en/rubrics/?Id=3581,Not determinable,Directory-only listing,
No,Zilol Furniture Factory,Namangan,Kitchen,Furniture factory with own website,F. Value/Mid Kitchen & Custom Furniture Manufacturers,Retail,,No determinable,Own domain (zilol-mebel.uz) confirmed in directory; not independently scraped this pass. Extended hours 09:00-19:00.,Low,Not determinable - own site not scraped this pass.,Manufacture+Supply,alisher_mirzabaev@mail.ru,+998 69 232-XX-XX (directory-truncated),"Namangan, ul. Islam Karimov 32 (also 32A in top.uz cross-reference)",Website,Russian,https://zilol-mebel.uz/ ; https://www.goldenpages.uz/en/rubrics/?Id=3581,Not determinable,Cross-confirmed via two directories (GoldenPages + top.uz) - one of the more established Namangan furniture factories,Recommend a direct scrape of zilol-mebel.uz before outreach; this is the strongest Namangan lead by cross-source confirmation.
No,Namangan Mebel Bozorii,Namangan,Kitchen,"Ready-made + custom furniture retailer, Instagram-native",F. Value/Mid Kitchen & Custom Furniture Manufacturers,Retail,,No determinable,"Instagram account (2,709 followers, 1,969 posts) run by an individual (Бек.Раимжанов); nationwide delivery emphasized, physical shop/showroom not confirmed.",Low,Positioned around affordable ready-made furniture with delivery/install across Uzbekistan.,Supply only,,,Namangan (not determinable),Instagram,Russian,https://www.instagram.com/namangan_mebel_bozorii/,Not determinable,Ready-made furniture with nationwide delivery,
No,Andijon Mebel LTD,Andijan,Kitchen,Furniture manufacturing and production,F. Value/Mid Kitchen & Custom Furniture Manufacturers,Retail,,No determinable,GoldenPages directory listing only.,Low,"Directory-listed manufacturer, no independent price signal found.",Manufacture+Supply,,+998 93 787-XX-XX (directory-truncated),"Andijan, ul. Ahmadbekhodji 72",Directory (GoldenPages),Russian,https://www.goldenpages.uz/en/rubrics/?Id=3578,Not determinable,Directory-only listing,"Name (""Andijon Mebel"") matches the Instagram account @andijon_mebell_ found separately - may be the same or a related business, not confirmed."
No,Baraka Exclusive Mebel,Andijan,Kitchen,Furniture manufacturer/exporter,F. Value/Mid Kitchen & Custom Furniture Manufacturers,Retail,,No determinable,GoldenPages directory listing only.,Low,"Directory-listed manufacturer/exporter, ""Exclusive"" in name suggests upmarket ambition but no price data.",Manufacture+Supply,,+998 97 837-XX-XX (directory-truncated),"Andijan, Tashkent St 13",Directory (GoldenPages),Russian,https://www.goldenpages.uz/en/rubrics/?Id=3578,Not determinable,Directory-only listing,
No,Forever Quality,Andijan,Kitchen,Furniture manufacturer/exporter,F. Value/Mid Kitchen & Custom Furniture Manufacturers,Retail,,No determinable,GoldenPages directory listing only.,Low,"Directory-listed manufacturer/exporter, no independent price signal found.",Manufacture+Supply,,+998 91 477-XX-XX (directory-truncated),"Andijan, ul. Tinchlik 9",Directory (GoldenPages),Russian,https://www.goldenpages.uz/en/rubrics/?Id=3578,Not determinable,Directory-only listing,
No,Jahon Mebel City,Andijan,Kitchen,Furniture and fittings manufacturer,F. Value/Mid Kitchen & Custom Furniture Manufacturers,Retail,,No determinable,"GoldenPages directory listing only; name (""Mebel City"") hints at a larger-format retail operation but unconfirmed.",Low,"Directory-listed manufacturer, no independent price signal found.",Manufacture+Supply,,+998 90 540-XX-XX (directory-truncated),"Andijan, ul. Nayman 30",Directory (GoldenPages),Russian,https://www.goldenpages.uz/en/rubrics/?Id=3578,Not determinable,Directory-only listing,
No,Mebelier Group,Andijan,Kitchen,Furniture manufacturer and retailer,F. Value/Mid Kitchen & Custom Furniture Manufacturers,Retail,,No determinable,"GoldenPages directory listing; described as both manufacturer AND retailer, slightly stronger showroom likelihood than pure-manufacturer peers.",Low,"Directory-listed manufacturer/retailer, no independent price signal found.",Manufacture+Supply,,+998 99 646-XX-XX (directory-truncated),"Andijan, Sarvontepa makhalla 4",Directory (GoldenPages),Russian,https://www.goldenpages.uz/en/rubrics/?Id=3578,Not determinable,Directory-only listing,
No,Oltin Mebel,Andijan,Kitchen,Furniture manufacturer/exporter (private enterprise),F. Value/Mid Kitchen & Custom Furniture Manufacturers,Retail,,No determinable,GoldenPages directory listing only; shares address (Sarvontepa 4) with Mebelier Group - likely same industrial cluster.,Low,"Directory-listed manufacturer, no independent price signal found.",Manufacture+Supply,,+998 91 613-XX-XX (directory-truncated),"Andijan, Sarvontepa makhalla 4",Directory (GoldenPages),Russian,https://www.goldenpages.uz/en/rubrics/?Id=3578,Not determinable,Directory-only listing,
No,Андижон Мебель (Andijon Mebel Instagram),Andijan,Kitchen,"Furniture retailer/manufacturer with own workshop, Instagram-native",F. Value/Mid Kitchen & Custom Furniture Manufacturers,Retail,,No determinable,"8,103 followers, 120 posts; bio claims own workshop (""taller propio"") and delivery across Central Asia; consumer-facing showroom not independently confirmed via WebFetch (Instagram login wall).",Medium,"15 years experience, 1,000+ clients claimed - established mid-market operator, not explicitly budget-positioned.",Manufacture+Supply,,,Andijan (not determinable),Instagram,Russian,https://www.instagram.com/andijon_mebell_/,Not determinable,"15 years experience; 1,000+ satisfied customers; own workshop; delivery across Central Asia",Strongest Andijan retail social-media presence found this pass by follower count.
No,Fayzli Mebel,Andijan,Kitchen,"Furniture retailer, dual presence Andijan + Tashkent",F. Value/Mid Kitchen & Custom Furniture Manufacturers,Retail,,No determinable,406 followers; bio references locations in both Andijan and Tashkent; showroom not independently confirmed via WebFetch (Instagram login wall).,Low,Smaller-scale operator (406 followers) vs. Андижон Мебель - positioned as accessible/mass-market.,Manufacture+Supply,,,Andijan and Tashkent (not determinable),Instagram,Russian,https://www.instagram.com/fayzli_mebel/,Not determinable,"Bedrooms, kitchens, complete furniture sets; free delivery and installation",Dual-city presence (Andijan + Tashkent) could be a useful bridge partner across two priority markets.